employee_id,first_name,last_name,email,hire_date,job_title,department,salary,manager_id,address,city,state,zip_code,birth_date,status
1001,leah,Leach,leah.leach@company.com,2027-01-23,Data Analyst,Analytics,65495,1005,1155 Shaun Run Suite 087,West Stephenside,IL,80261,1972-07-24,inactive
1002,cathy,VAZQUEZ,cvazquez@example.net,2009-01-02,HR Specialist,Analytics,"63,221",1008,08369 Lewis Trafficway Suite 707,Lake Jacktown,MD,03640,1997-05-05,Active
1003,Nicole,smith,nicole.smith@example.net,2008-09-06,Data Engineer,HR,"143,711",1020,606 Scott Bridge,Brandystad,PR,44758,1978-03-31,inactive
1004,DAVID,gonzalez,dgonzalez@example.net,2013-11-11,DevOps Engineer,Operations,"144,328",1025,16779 Julia Plains Apt. 511,North Charlesfort,AZ,02723,1974-09-14,active
1005,JORDAN,WILSON,jwilson@COMPANY.COM,2023-08-07,Marketing Manager,HR,$118886,1022,69436 Cory Ford,Valerieshire,KY,86547,1975-07-22,Terminated
1006,Christopher,hoffman,,2021-02-01,Financial Analyst,Analytics,"$120,909",1027,25351 Love Camp,Port Lisa,DE,80283,1984-08-12,Inactive
1007,Hannah,Martinez,hmartinez@mail.co,2020-11-08,Financial Analyst,Analytics,"$53,131",1005,0022 Brooks Island,Taylorborough,IA,26560,1974-05-13,Active
1008,eric,Burton,eric@burton,2008-05-12,Data Engineer,HR,107512,1006,539 Margaret Lights Suite 672,North Mary,MN,44501,1994-04-25,Terminated
1009,William,Peterson,wpeterson@COMPANY.COM,2010-10-08,Software Engineer,Operations,"149,799",1009,19408 Williams Drive,Port Yvonnefort,AL,33310,1983-05-15,inactive
1010,SARA,ALEXANDER,sara.alexander@corp.org,2016-01-27,Data Engineer,Legal,104514,1021,0390 Lewis Lodge Apt. 827,Saraberg,IN,27884,1976-09-14,inactive
1011,STEVEN,jacobson,steven@jacobson,2027-04-23,Data Analyst,Legal,$104822,1027,84091 Angela Ridge Suite 654,North Josephborough,NC,25918,1982-07-19,active
1012,NICOLE,BROWN,nbrown@corp.org,2014-07-02,Financial Analyst,Finance,"$102,839",1017,523 Joseph Mountain,Lake Davidside,PA,33540,1998-05-07,Active
1013,jessica,santos,jessica.santos@company.com,2013-09-11,Data Analyst,IT,"147,674",,711 Courtney Radial,Ashleyview,PW,79575,1999-08-02,Active
1014,Melissa,FOX,mfox@example.net,2016-08-03,Director,IT,"$47,704",1018,5369 Barbara Heights Suite 203,Michaelfurt,ND,23045,1997-08-08,ACTIVE
1015,kimberly,Pope,kimberly.pope@corp.org,2013-11-17,Director,Analytics,"$59,931",1022,302 Cody Estate,Quinnmouth,CT,08538,1995-02-26,active
1016,angela,hanson,angela.hanson@mail.co,2017-12-10,Data Analyst,Legal,$146240,1003,2204 Bryan Springs,Thompsonmouth,VA,85291,1988-11-01,active
1017,Amy,Kim,akim@example.net,2014-05-20,Marketing Manager,Operations,"$130,748",1029,7740 Morgan Village,West Teresa,MD,45584,1981-05-14,active
1018,ashley,thompson,athompson@mail.co,2025-09-20,Data Engineer,Legal,$104615,1024,90777 Lewis Knoll,Washingtonburgh,AL,82795,2002-08-28,Active
1019,Laura,shepherd,laura.shepherd@mail.co,2024-10-10,Product Manager,Marketing,40209,1020,2710 Craig Isle Suite 839,Russellmouth,SC,73523,1968-10-07,Inactive
1020,FREDERICK,Mcfarland,frederick.mcfarland@example.net,2022-09-06,HR Specialist,Finance,76441,1009,169 Ross Alley Suite 943,West Matthew,MH,24265,2003-12-10,Active
1021,CRYSTAL,Watson,crystal.watson@company.com,2016-07-27,Financial Analyst,HR,"$55,676",1003,935 Saunders Mission Apt. 432,Bowmanberg,NE,76458,1986-03-29,inactive
1022,Michael,guerrero,mguerrero@COMPANY.COM,2022-05-28,Data Analyst,IT,$132310,1021,3439 Flores Points,Hollyburgh,NV,03814,1989-03-23,ACTIVE
1023,Matthew,Gomez,matthew.gomez@company.com,2013-03-30,Marketing Manager,Legal,71265,1022,186 Joseph Lake,Andrewsfurt,VT,88972,1982-07-08,Active
1024,Kristin,fox,kristin.fox@company.com,2015-06-17,Manager,Marketing,"39,722",1006,15847 Walker Court,Walkerport,PR,67133,1992-09-11,inactive
1025,amy,Coleman,amycoleman,2009-05-09,Data Analyst,HR,"$137,251",,802 Erica Squares,West Michael,MO,19747,2004-06-29,inactive
1026,Danielle,powell,danielle@powell,2012-03-09,Marketing Manager,Legal,$122806,1006,807 David Crest,North Catherine,TN,01584,1975-02-22,ACTIVE
1027,Mark,Torres,mark.torres@corp.org,2024-11-30,Director,IT,$121511,1002,765 Matthew Radial Suite 178,Hughesshire,WV,46594,1973-01-18,Inactive
1028,Jonathan,brown,jbrown@company.com,2019-08-19,Manager,Marketing,69795,1009,7811 Amanda Shore,Matthewhaven,WI,00639,1993-08-28,Active
1029,Maria,COPELAND,maria.copeland@corp.org,2026-03-11,Marketing Manager,IT,$103146,1014,430 Robles Trace,Lake Johnport,AK,54815,1982-03-08,ACTIVE
1030,Carla,Hall,chall@example.net,2016-01-01,Marketing Manager,Operations,$73752,1020,15049 Moreno Squares,West Heather,WY,09047,1978-04-29,active
1031,Jacob,beck,jbeck@corp.org,2009-04-26,Director,Finance,"137,990",1029,339 Hector Inlet,Chaneystad,CO,48495,1979-07-25,Inactive
1032,CYNTHIA,jones,,2015-09-28,Product Manager,HR,$47240,1026,720 Lewis Pine,Kaufmanshire,NE,56298,1991-07-13,Terminated
1033,charles,Gonzalez,,2018-04-18,Director,Operations,"$126,272",1002,6489 Bond Knoll Apt. 922,Brownbury,CA,58910,1987-12-03,Inactive
1034,melissa,Johnson,melissa.johnson@COMPANY.COM,2024-07-24,Data Engineer,Finance,$41582,1029,44071 Campbell View,Fosterborough,CO,03875,1970-07-13,Active
1035,Sherry,Perry,sperry@mail.co,2017-02-09,Manager,Operations,"$147,917",1018,22095 Proctor Trail,Heatherburgh,MN,33518,1987-01-08,Inactive
1036,CHRISTOPHER,Parsons,christopher.parsons@example.net,2014-03-31,HR Specialist,Analytics,"70,614",1025,25081 Graham Harbor Apt. 026,Port Jonathanberg,TX,45914,1987-07-05,ACTIVE
1037,karen,Watson,kwatson@example.net,2026-03-05,Data Engineer,Finance,89496,1013,47101 Leah Village Suite 201,Christopherfort,AL,45028,1983-06-19,active
1038,John,Heath,jheath@company.com,2010-02-19,HR Specialist,Legal,"$86,116",1023,,East Anthonyland,KS,13344,1979-03-02,inactive
1039,Sara,austin,saustin@example.net,2021-06-06,Marketing Manager,Operations,"$56,632",1008,9882 Anderson Passage,Millerburgh,PA,82537,1972-04-16,active
1040,Christine,RICHARDS,christine.richards@example.net,2008-03-18,Software Engineer,HR,"84,689",1019,0752 Byrd Locks,Port Brenda,MH,56791,1997-11-10,active
1041,Brian,lewis,brian.lewis@example.net,2014-01-01,Data Engineer,IT,$80870,1009,95610 Frank Pass,Larryborough,GU,72002,1994-03-10,Terminated
1042,mario,BENSON,mario.benson@COMPANY.COM,2015-09-02,DevOps Engineer,Operations,$49993,,653 Atkins Wall Apt. 155,Davidton,IA,63476,1967-12-18,Inactive
1043,TINA,Johnson,tinajohnson,2011-08-04,HR Specialist,Marketing,"$123,781",1020,38614 Meghan Centers,East Jacquelinetown,MH,62153,1976-04-10,Inactive
1044,Phyllis,jones,phyllis.jones@mail.co,2010-12-26,Financial Analyst,Marketing,"91,148",1027,21944 Chandler Junction,Jameschester,GA,17481,1971-07-17,Active
1045,David,Ramirez,dramirez@COMPANY.COM,2012-05-08,Manager,Operations,"103,386",1027,08326 Munoz Keys,South Annton,MH,19962,1989-03-02,inactive
1046,Janet,MADDOX,jmaddox@company.com,2024-05-22,DevOps Engineer,Analytics,"$133,366",1014,2527 Anna Lock,Debbietown,PA,21598,1976-12-08,inactive
1047,AUDREY,Sellers,asellers@corp.org,2006-06-13,HR Specialist,Marketing,"126,905",,899 Fischer Motorway,Lake Sarah,WY,12082,2003-10-22,inactive
1036,Daniel,Perry,daniel.perry@example.net,2020-05-26,Data Analyst,HR,"$64,045",1016,68476 Miller Stravenue Suite 331,Carlosview,MH,48944,1994-01-14,Terminated
1049,Thomas,Aguilar,taguilar@example.net,2023-12-29,HR Specialist,HR,65217,1018,0618 Jeremy Hollow,Garyport,NV,39679,1976-01-25,Terminated
1050,David,Jackson,,2012-03-17,HR Specialist,IT,$144134,1025,309 Doyle Trace Apt. 218,Brittanyhaven,VI,52478,1980-08-17,ACTIVE
1051,derrick,Perez,derrick@perez,2014-11-13,Data Analyst,Legal,"36,607",,7181 Baldwin Square,East Stephenfurt,VI,19525,1995-08-13,Inactive
1052,david,Martin,david.martin@example.net,2006-05-11,Product Manager,Operations,124974,1009,7887 Evan Rest Suite 860,Lake Stephanieside,UT,00681,1990-05-31,active
1053,SARAH,White,swhite@example.net,2018-06-29,HR Specialist,Legal,"$112,139",1008,203 Mary Grove,Hernandezbury,WY,65530,1983-10-20,ACTIVE
1054,ANTHONY,Lynch,anthony.lynch@company.com,2013-02-13,Director,Analytics,107350,1004,98265 Brad Island Suite 815,Colemanview,NY,20779,1994-07-03,active
1053,Dawn,kelley,dkelley@COMPANY.COM,2018-03-26,Product Manager,Operations,$140369,1002,97904 Hicks Rapids Suite 184,Hardyfort,AS,71324,1970-11-29,Inactive
1056,MATTHEW,Lyons,,2008-07-22,HR Specialist,Finance,"$51,299",1009,6274 Rivera Grove Suite 689,Debraland,AZ,65085,1981-04-25,Terminated
1057,kenneth,Bowman,kenneth@bowman,2026-02-01,Software Engineer,IT,65005,1018,7826 Brandon Rapids Apt. 951,North Miguel,MI,38653,1981-11-19,Terminated
1058,Robert,JOHNSON,rjohnson@mail.co,2020-11-20,DevOps Engineer,IT,"96,605",1006,14348 Matthew Extensions Suite 742,Sheilaport,WY,11423,1973-08-12,Inactive
1059,Diana,garcia,diana.garcia@example.net,2021-06-26,Financial Analyst,HR,77372,1011,6908 Carter Stravenue Apt. 794,Millertown,MA,75559,1999-10-28,Inactive
1060,brian,BENSON,bbenson@mail.co,2008-09-17,Product Manager,Legal,"$100,338",,1676 Jackson Point Suite 252,Martinezfort,AS,64493,1999-09-07,Active
1061,christopher,SMITH,csmith@COMPANY.COM,2015-10-15,Data Engineer,IT,"$107,384",1015,67091 Michael Shore Apt. 820,West Donald,OK,46885,1978-06-22,Active
1062,Robert,Schneider,rschneider@example.net,2020-08-20,DevOps Engineer,Analytics,$94871,1004,079 Martinez Rapids Suite 952,West Joanneborough,MN,96908,1988-05-24,Inactive
1063,Jasmine,Randall,jrandall@mail.co,2011-01-24,Software Engineer,HR,"130,164",1005,82692 Anthony Views Suite 941,Lake Rebecca,MA,31299,2002-01-17,inactive
1064,Joel,Miller,joel.miller@corp.org,2023-12-08,Director,Marketing,$85196,1015,0466 Garner Bridge Apt. 290,Lake Kellichester,AR,47592,1999-06-06,Inactive
1065,JACQUELINE,Smith,jacqueline.smith@company.com,2024-12-24,Data Engineer,Marketing,78515,1026,39822 Katherine Heights,Williston,SD,19112,1971-02-24,Inactive
1066,LAURA,jones,ljones@example.net,2013-12-10,Financial Analyst,Marketing,"$125,794",,14601 Tony Camp Apt. 661,Wilsonbury,CA,24363,2005-10-02,Terminated
1067,Brianna,zuniga,brianna.zuniga@mail.co,2024-12-06,Director,Operations,"124,705",1018,72707 Earl Trace Apt. 160,East Ashley,FM,52112,2005-03-11,active
1068,AMY,Kelley,amy.kelley@company.com,2012-11-06,Financial Analyst,Legal,"42,355",1021,3516 Crawford Ports,Lake Jon,CO,67455,1972-03-09,ACTIVE
1069,KATIE,armstrong,karmstrong@mail.co,2015-04-01,Product Manager,Operations,"$66,566",1019,323 Dunlap Via,New Jenny,FL,22826,2003-08-17,inactive
1070,Anthony,Schultz,anthony.schultz@mail.co,2014-12-01,Data Analyst,Finance,"80,293",1009,9967 Lisa Orchard,New Adam,RI,90999,1988-03-11,Terminated
1071,Angela,tucker,atucker@COMPANY.COM,2019-09-29,Product Manager,HR,"110,341",1010,672 Amy Isle,Lanestad,KS,98898,1973-10-15,Terminated
1072,jennifer,Harvey,jennifer.harvey@corp.org,2018-10-09,Product Manager,Legal,$81179,1009,,Lake Nathan,GU,31365,1980-08-16,Terminated
1073,ryan,taylor,rtaylor@corp.org,2007-07-13,Software Engineer,Marketing,$82823,1025,0930 Heather Points,Martinezshire,CT,90268,1965-06-05,Active
1074,Dominique,Brown,dbrown@COMPANY.COM,2025-08-01,DevOps Engineer,Legal,"73,684",1007,3075 Becker Road,East Carlmouth,AL,22161,1979-10-15,Active
1075,Kristin,Kramer,kkramer@company.com,2010-06-26,Software Engineer,HR,105329,1008,974 Diane Keys Apt. 546,Dianestad,SC,13890,2001-10-01,Inactive
1076,sarah,BARTLETT,sarah.bartlett@example.net,2012-09-27,Product Manager,Marketing,$77992,1013,044 Sandoval Street,Ericborough,RI,16987,1992-05-09,Terminated
1077,christopher,nguyen,cnguyen@corp.org,2023-04-08,Data Analyst,IT,$65775,1010,7590 Ronald Points Suite 485,Gonzalesberg,CA,23478,1991-11-11,Inactive
1078,JON,Moss,jmoss@company.com,2012-09-06,Product Manager,Finance,71666,1018,26706 Logan Courts Suite 520,Port Jonathan,SD,57513,2000-06-21,Terminated
1079,Molly,James,mjames@company.com,2024-02-29,HR Specialist,Analytics,"$51,011",1028,65499 Lauren Mills,Jordanland,TX,28374,2001-04-29,Active
1080,VINCENT,SCOTT,vincentscott,2010-09-04,Product Manager,Analytics,$141568,1001,89848 Deanna Tunnel,Port Miranda,DC,53125,1997-07-12,ACTIVE
1081,RUSSELL,Yates,russell.yates@COMPANY.COM,2014-05-09,Software Engineer,Analytics,"36,947",1009,518 Moore Ridges,Cruzview,MI,39003,1972-01-09,active
1082,john,Rios,jrios@example.net,2027-01-13,Data Engineer,Marketing,"$49,293",1024,45508 Duke Rue Suite 704,Leslieburgh,GU,13162,1971-11-18,inactive
1083,jon,davis,jdavis@example.net,2019-05-24,Marketing Manager,Operations,"$49,150",1028,9616 George Point,New Nicole,CA,86414,1990-11-20,Terminated
1084,Elizabeth,Robinson,elizabeth@robinson,2007-05-26,DevOps Engineer,Marketing,"$114,354",1020,97314 Garcia Road Suite 781,North Patricia,GA,69424,2001-02-10,Active
1085,JOSEPH,Whitaker,joseph.whitaker@example.net,2024-03-11,Marketing Manager,HR,"$143,451",1029,2635 James Port Suite 534,Kellyborough,NM,95911,2000-01-17,Inactive
1086,Andrew,hutchinson,andrew.hutchinson@company.com,2017-07-20,Data Analyst,Finance,"47,656",1022,81197 George Viaduct,Vickihaven,CA,74952,1989-05-13,active
1087,Annette,haley,annette@haley,2017-01-24,Financial Analyst,IT,$110748,1011,12756 Daniel Overpass Apt. 720,East Lisa,MA,24607,1983-07-23,active
1088,Katelyn,BOWEN,,2023-01-02,Product Manager,Operations,119239,1028,3946 Richard Union Suite 652,North Erikburgh,CT,97127,1996-07-05,inactive
1089,Hannah,Miller,hannah.miller@company.com,2018-02-03,Manager,Marketing,"$121,159",1006,582 Stacy Parkway Apt. 175,East Thomas,WA,34728,1983-05-07,Active
1090,Samuel,Herrera,samuel.herrera@corp.org,2025-10-20,Financial Analyst,HR,"129,581",,416 Ramos Brook Apt. 977,South Jessicabury,WY,35121,1987-08-29,inactive
1091,James,Lloyd,jlloyd@example.net,2008-09-26,Product Manager,Finance,"89,287",1025,529 Deborah Freeway Apt. 390,Josephberg,NV,41365,2002-05-24,active
1092,Lauren,watkins,lwatkins@COMPANY.COM,2022-07-11,Product Manager,IT,$36007,1010,57254 Kathy Park Apt. 804,North Keithside,UT,57912,1977-07-20,ACTIVE
1093,William,HARRIS,wharris@COMPANY.COM,2023-03-01,Data Engineer,Operations,"65,161",1010,41052 Joann Fords,Briggsland,MD,,1974-10-16,Active
1094,Jennifer,Wright,jwright@example.net,2018-05-14,Data Analyst,Finance,"37,733",1015,398 Obrien Island,East Jayfurt,MS,48796,1981-11-24,active
1095,TAYLOR,White,twhite@mail.co,2019-11-20,Data Engineer,IT,"86,873",1012,43156 John Trafficway Apt. 226,North Benjaminville,NY,10825,2005-07-20,Terminated
1096,LAURA,Logan,,2011-09-21,Manager,Analytics,$48474,1017,8212 Noah Run,North Annaview,CO,58763,1978-11-25,ACTIVE
1097,Denise,Fisher,denise@fisher,2023-10-21,Product Manager,Operations,"118,269",1021,5694 Baldwin Pike Apt. 084,Garnerton,VA,94049,1978-04-28,Terminated
1098,daniel,Brown,daniel.brown@mail.co,2006-08-03,HR Specialist,Finance,94233,1021,2499 Rogers Islands Suite 274,Taylorchester,MH,52769,1990-11-25,Active
1099,David,Long,,2024-09-21,Software Engineer,Finance,$141144,1028,59692 Hernandez Island Suite 801,New Andrew,IN,63764,1979-11-10,ACTIVE
1100,Charles,mckenzie,charlesmckenzie,2023-11-01,Software Engineer,Analytics,"$127,749",1015,8165 Grace Islands Suite 600,North Dakota,DE,33752,1981-03-16,Inactive
1101,shelby,Berry,sberry@company.com,2025-01-04,Data Analyst,Marketing,"$123,916",1010,4912 Walsh Square Suite 467,Kimberlyview,MA,50462,1974-04-26,ACTIVE
1102,JUSTIN,Lee,,2013-08-22,Marketing Manager,Analytics,112993,1020,0862 William Via,Yufurt,MA,63581,1986-07-21,ACTIVE
1103,steven,Perez,sperez@mail.co,2024-02-13,Software Engineer,HR,$75483,1005,858 Angelica Cape,Millerport,ND,54480,1994-04-01,active
1104,david,rodriguez,davidrodriguez,2012-11-19,Product Manager,Finance,$55218,1005,10089 Mcgee Rapids Apt. 603,Samanthabury,AS,44250,1982-11-30,active
1105,Cesar,WHITE,cesar@white,2017-03-01,DevOps Engineer,Analytics,$104993,1006,3177 Joshua Drive,Browntown,VA,92948,1985-02-13,ACTIVE
1106,Yolanda,Hoffman,yhoffman@corp.org,2019-08-21,Data Engineer,Marketing,$89874,1007,3868 Michael Plaza,East Alexis,NJ,82710,1965-10-18,active
1107,cody,perez,cody.perez@corp.org,2014-08-25,Manager,HR,$93893,1021,9019 Alexander Heights Apt. 183,New Rileyshire,MT,70177,1994-06-07,Inactive
1108,aaron,Ayala,aayala@mail.co,2019-05-02,Director,Finance,"45,696",1029,9526 Lee Corners,Hoffmanbury,WA,36950,1965-09-30,active
1036,Richard,WISE,rwise@example.net,2013-08-15,Product Manager,IT,45384,1026,161 Navarro Oval,Thomaschester,UT,76549,2000-10-23,ACTIVE
1110,Christopher,COLE,christopher.cole@corp.org,2013-07-19,Software Engineer,Analytics,"$90,027",1020,5202 Acosta Expressway Apt. 411,Colemouth,TX,77642,1970-05-24,Active
1111,KELSEY,Harris,kelsey.harris@example.net,2017-10-24,Product Manager,HR,"$66,531",1001,4089 Destiny Throughway,North Margaretbury,WV,66877,2002-06-22,active
1112,lindsay,Li,lindsay.li@example.net,2020-12-23,Marketing Manager,HR,68246,1003,5146 Scott Burg,Wilsonburgh,KY,54216,1993-02-14,ACTIVE
1113,Brian,CASEY,bcasey@company.com,2009-05-01,Data Engineer,HR,$141628,1021,2325 Davis Stravenue Suite 890,Dennisberg,KS,92010,1976-10-21,Terminated
1114,Kayla,cochran,kayla.cochran@corp.org,2024-06-28,Software Engineer,Legal,61144,1026,2343 Amber Lodge,North Theresatown,KY,91271,1969-09-11,ACTIVE
1115,CHRISTY,Marquez,christy.marquez@corp.org,2016-05-23,Financial Analyst,HR,"51,315",1018,7954 Matthews Brooks Apt. 274,Dunnberg,TN,26780,1979-01-20,Inactive
1116,James,Dodson,jdodson@mail.co,2019-08-23,Data Analyst,Operations,90640,1013,628 Charles Manor,East Kelseyport,NV,45404,1985-05-22,Inactive
1117,Daniel,Wilson,,2011-11-12,Marketing Manager,Analytics,"$125,408",1011,83246 Moore Port Suite 597,Allenchester,HI,90086,2004-11-03,ACTIVE
1118,alicia,watkins,awatkins@example.net,2010-09-22,Data Engineer,Legal,$133290,1020,87673 Victoria Mills,Johnsonland,MD,04060,1976-01-05,Active
1119,John,Garcia,johngarcia,2013-03-09,Product Manager,Analytics,"$124,006",1002,3458 Jones Loop,Lawrencemouth,RI,75152,1983-01-28,ACTIVE
1120,Lori,WATSON,lori.watson@company.com,2007-02-21,Manager,Finance,"$102,861",1017,974 Kimberly Springs,Elliotttown,MH,97620,1989-11-19,inactive
1121,Elizabeth,ANDERSON,elizabeth.anderson@company.com,2007-02-24,Data Analyst,Finance,"$57,630",1007,299 Lori Oval Apt. 949,Lake Angelahaven,NY,43925,1968-06-04,Active
1122,Kevin,Schwartz,,2025-04-15,Manager,Legal,$82381,1022,291 Barbara Lock,Meredithton,GA,76068,1976-03-28,Active
1123,Justin,Jackson,justin.jackson@mail.co,2011-05-12,Product Manager,IT,"43,617",1016,,Morrowfort,NV,28397,1983-06-04,Inactive
1124,BRADLEY,Kelly,bkelly@company.com,2014-12-12,DevOps Engineer,Operations,"102,811",1025,192 Cody Track Suite 512,Rogersport,TN,09250,1996-03-15,active
1125,ashley,casey,ashley.casey@mail.co,2007-02-05,HR Specialist,Analytics,"56,229",1006,807 Anne Rest Apt. 938,Millerberg,NJ,34022,1998-06-04,Terminated
1126,Hailey,BEASLEY,,2015-04-26,Data Analyst,Marketing,$119015,1010,0197 Taylor Squares Suite 061,Amymouth,CA,53778,1994-11-25,inactive
1127,carrie,haynes,carrie.haynes@company.com,2006-09-17,Product Manager,HR,$120344,1024,80724 Emily Centers Suite 627,Porterchester,VT,10748,1998-11-24,inactive
1128,Thomas,Orozco,thomas@orozco,2023-06-18,HR Specialist,Finance,44564,1021,13249 Kimberly Coves Apt. 534,East James,GA,66673,1966-02-22,active
1129,James,Raymond,james.raymond@example.net,2013-09-13,Financial Analyst,Marketing,108616,1020,612 Stephanie Views Suite 323,West Eddie,IL,06016,1972-07-26,ACTIVE
1130,Anthony,White,anthony.white@COMPANY.COM,2006-07-26,Financial Analyst,Marketing,"129,519",1005,468 Crystal Roads,Carolstad,IA,09732,1974-11-24,active
1131,cheryl,Thomas,cthomas@mail.co,2010-03-16,Director,Analytics,"111,460",1016,305 Patrick Court,Harrisonhaven,SD,98370,2002-06-06,Active
1132,kristine,walker,kristine.walker@example.net,2020-08-28,HR Specialist,Operations,"$82,943",1021,62958 Jones Mountain,North Nancy,KS,10839,1965-12-21,ACTIVE
1133,Kenneth,Ross,,2012-10-24,Data Analyst,Analytics,"$47,672",1012,57492 Jonathan Plain,Huertamouth,SC,53178,1987-08-24,ACTIVE
1134,Jean,caldwell,jean.caldwell@company.com,2021-04-26,Manager,Operations,"$78,652",1025,77281 Patrick Junctions Apt. 457,East Jonathanland,KY,45662,2001-06-23,inactive
1135,Amanda,Murray,amurray@mail.co,2024-07-24,Data Engineer,Legal,"$101,809",1011,826 Rogers Shore Suite 745,Knoxton,OR,48508,1983-02-06,Terminated
1136,Lauren,Gates,lauren@gates,2019-03-24,HR Specialist,Operations,$137616,,00338 Amanda Road,Codyshire,CA,83231,1966-01-23,Terminated
1137,CHRISTINA,CLARK,,2007-09-30,Data Analyst,Analytics,"$37,482",1024,476 Harold Junctions Apt. 912,New Jamesport,TN,71340,2000-05-07,ACTIVE
1138,william,CAMPOS,william.campos@mail.co,2013-07-30,Data Engineer,HR,"$121,799",1017,441 Anthony Unions Apt. 410,Pattersonville,WA,98540,1975-04-06,inactive
1139,Seth,Reese,seth.reese@COMPANY.COM,2020-10-20,HR Specialist,Marketing,$74124,1018,884 Navarro Roads,South Ericmouth,GU,60436,1978-02-22,ACTIVE
1140,John,Hendricks,,2008-09-20,Data Engineer,Finance,"86,712",1016,446 Jackson Junctions,Susanshire,OH,57367,1983-04-18,active
1141,Patricia,MOORE,patricia@moore,2025-03-23,Data Engineer,Operations,$70601,1012,0243 Thomas Orchard,Bridgesfurt,UT,92077,1972-09-25,Active
1142,MICHAEL,garrett,mgarrett@company.com,2007-08-18,Financial Analyst,Operations,96918,1022,0154 Tanya Mews,East Michael,MT,81767,2003-08-24,Terminated
1143,James,Rowe,jrowe@COMPANY.COM,2027-11-01,Financial Analyst,HR,119659,1006,5715 Stephen Fields Apt. 894,Rebeccafort,AS,17204,1987-09-17,Active
1144,PATRICIA,Scott,patricia.scott@COMPANY.COM,2009-06-05,Marketing Manager,Legal,$99930,1028,5260 Tiffany Ports Apt. 607,Port Kevin,KY,86463,1970-06-25,Terminated
1145,David,Randolph,,2014-12-29,Data Engineer,Finance,"$52,589",1001,18561 Patricia Mews,Alexanderview,CT,68647,1982-07-17,ACTIVE
1146,yesenia,Leach,,2019-07-04,Director,Analytics,"$115,079",1015,2735 Sara Alley Apt. 321,Blairhaven,WA,92086,1998-09-15,Inactive
1147,REBECCA,frey,rfrey@corp.org,2008-12-08,Director,Finance,"133,796",1006,7341 Cunningham Tunnel Apt. 707,Yoderport,FL,40566,1978-10-22,ACTIVE
1148,jennifer,jacobson,jjacobson@example.net,2025-01-19,Manager,Finance,"124,925",,84181 Kimberly Center Suite 288,Tinaland,MD,01694,1994-10-25,Terminated
1149,Kevin,LOPEZ,,2008-02-08,Financial Analyst,Finance,"$127,004",1020,67915 Holloway Circles,Andersonburgh,IA,40957,1986-05-27,inactive
1150,barry,Duncan,barry@duncan,2014-03-24,Data Analyst,Marketing,49707,1022,3903 Cobb Passage Apt. 902,West Kevinhaven,NH,11646,1995-03-05,inactive
1151,keith,FERNANDEZ,kfernandez@mail.co,2008-01-03,Data Analyst,Marketing,93390,1006,1656 Mark Point,Lake Elizabethmouth,MD,43781,1965-05-28,Inactive
1152,justin,Moses,justin.moses@corp.org,2010-05-12,Director,Marketing,44572,1018,83398 Thomas Overpass Apt. 545,Lake Normamouth,FL,95356,2000-06-25,Inactive
1153,marcus,Welch,marcus.welch@example.net,2012-10-02,Manager,Legal,"$119,085",1029,88137 Elliott Springs,East Adamville,SC,11290,1972-11-08,ACTIVE
1154,JENNIFER,Jones,jennifer.jones@company.com,2017-10-13,Data Engineer,Finance,$104316,1013,77833 Kiara Stream,Lake Tylerview,MA,72839,1972-04-09,Terminated
1155,William,Good,william.good@COMPANY.COM,2009-03-29,DevOps Engineer,HR,"55,332",1010,246 Hood Circle,Carsonshire,MD,42961,1980-06-04,active
1156,dawn,ALLEN,dawn.allen@COMPANY.COM,2024-12-04,Data Analyst,Marketing,"$39,400",1026,78179 Dylan Fork,Port Timothy,AR,01318,1998-04-18,inactive
1157,BRYAN,mcgee,bryan@mcgee,2021-02-28,Director,Legal,"130,881",1002,3432 Taylor Path,Lake Wendyhaven,NM,69244,1971-03-06,inactive
1158,CHARLES,Steele,csteele@corp.org,2010-11-02,Software Engineer,Marketing,$112550,1010,29445 Riley Forks,Curtisland,OR,96353,2004-03-27,Terminated
1159,Susan,Jones,sjones@example.net,2014-07-18,Manager,HR,$84343,,3429 Jensen Crest,Goodmanfurt,FM,69687,1976-06-09,inactive
1160,ethan,Johnson,,2014-07-29,Manager,Finance,"66,831",1023,08087 Olivia Port Suite 314,New Aaron,IN,73798,1997-07-23,active
1161,RACHEL,chan,rchan@corp.org,2010-08-09,Product Manager,Marketing,40183,1012,7350 Cindy Mission,South Donald,MA,73050,1991-11-30,active
1162,David,Crawford,david.crawford@company.com,2022-02-02,Director,Operations,"$50,376",1007,50765 Timothy Place,North Rodneybury,PA,16011,1966-11-05,active
1163,Andrew,Willis,andrew@willis,2022-06-13,HR Specialist,HR,"$82,139",1008,593 Jesus Unions,West Eugene,HI,21026,1965-07-07,Inactive
1164,Ashley,Williams,ashleywilliams,2013-05-04,Manager,IT,"$69,180",1027,81143 Sharon Pine,Scottmouth,VT,88606,2003-01-25,ACTIVE
1165,Jill,Moore,,2007-02-17,DevOps Engineer,Finance,"57,050",1027,73804 Huang Drive Suite 193,Lake Tanyabury,MT,55911,1998-10-11,active
1166,andrew,martinez,andrewmartinez,2020-08-28,Software Engineer,Finance,$53021,1029,91858 Nicholas Pass,Christophermouth,ND,84127,1978-12-06,Active
1167,Bruce,Williams,bruce.williams@company.com,2027-09-16,Data Engineer,Marketing,88914,1002,04666 Andrea Prairie,West Nicoletown,WY,32917,1975-02-01,Active
1168,Stephen,MERRITT,stephen.merritt@company.com,2020-01-10,Data Engineer,Analytics,$66584,1001,489 Joseph Road,Onealfurt,DE,12054,1993-08-04,inactive
1169,Brandon,ANDERSON,banderson@COMPANY.COM,2017-01-16,Data Analyst,Operations,147488,1013,562 Kelly Village Apt. 705,Russellhaven,WA,73185,1976-02-12,Active
1170,Tracey,Thompson,traceythompson,2012-04-16,Data Engineer,IT,$65115,1021,,New Wesley,MI,90350,2001-01-12,Terminated
1171,veronica,LESTER,veronica.lester@corp.org,2012-03-25,Director,Marketing,"$53,899",,379 Tina Meadows,South Jeremyport,NV,77561,1968-03-03,Active
1172,Darrell,Gordon,,2025-03-26,Data Analyst,Marketing,"132,708",1028,3879 Lawson Courts,Grantstad,FL,72266,1965-10-04,Active
1173,Tina,Young,tina@young,2024-01-23,DevOps Engineer,Finance,"64,902",1020,3321 Catherine Isle,Costachester,CO,61014,1976-12-11,inactive
1174,Nathan,ASHLEY,nathan.ashley@company.com,2018-03-23,HR Specialist,Analytics,$84807,1022,02999 Andrew Plaza,South Jeffrey,VA,06909,1981-09-26,Terminated
1175,matthew,HERNANDEZ,matthew.hernandez@company.com,2006-08-19,Marketing Manager,Finance,"$108,005",1010,2238 Merritt Causeway Suite 074,South Elizabethchester,AR,81743,1984-01-16,Active
1117,Amanda,Chavez,amanda.chavez@example.net,2013-06-15,Data Engineer,Analytics,$109967,1026,8872 Jorge Mountains,East Marcus,DC,80276,2004-03-25,Terminated
1177,Brenda,Johnston,bjohnston@corp.org,2007-08-26,Data Analyst,HR,$67990,1016,11170 William Club Apt. 556,Bethanyshire,FM,43084,1965-04-27,Terminated
1178,Jackie,Woodard,jwoodard@mail.co,2010-05-04,Financial Analyst,Finance,"$78,874",1004,428 Tammy Way Apt. 461,Pamelafurt,AL,,1993-01-15,Terminated
1179,Mary,Hicks,,2025-11-04,DevOps Engineer,Marketing,$137494,1023,92821 Thomas Corner,North Stevenshire,MS,83388,2002-08-26,ACTIVE
1180,ANDREA,bailey,andreabailey,2024-02-13,DevOps Engineer,Legal,73185,1004,29242 Leah Port Apt. 133,West Coryfort,TN,05023,1969-05-19,Inactive
1181,Dana,anthony,dana@anthony,2017-10-21,Product Manager,Finance,"$105,040",1009,9896 Anthony Dam,Grayberg,VT,86286,1999-10-17,inactive
1182,teresa,booker,,2019-03-07,Financial Analyst,Analytics,119803,1026,59463 Jones Burg Apt. 087,Michaeltown,GU,45448,1992-10-02,inactive
1183,bethany,barnes,bbarnes@company.com,2016-04-07,Director,Marketing,$132891,1025,97710 Debra Villages,Port Ericaburgh,IL,05378,1965-10-14,Inactive
1184,marisa,Castro,mcastro@company.com,2016-04-03,Marketing Manager,IT,$50213,1023,7789 Williams Court,Victorstad,ME,42856,1976-01-22,ACTIVE
1185,Mark,Salinas,msalinas@company.com,2007-03-23,Software Engineer,Legal,128163,1016,72806 Zachary Knolls Suite 674,West Kevin,SD,46142,1995-10-28,Active
1186,LESLIE,EVERETT,leslie@everett,2022-05-14,DevOps Engineer,Analytics,"$139,563",1006,374 Mccoy Course Suite 801,Jameschester,ND,85439,1983-05-28,Terminated
1187,Andrew,Hill,andrew.hill@example.net,2024-01-03,Director,Analytics,71483,1001,36912 Williams Rue,East Harry,PA,76855,1985-12-12,inactive
1188,Joshua,Zimmerman,jzimmerman@mail.co,2015-06-21,Product Manager,Finance,111939,1011,6076 Katie Alley,West Brendaland,NV,22521,1980-08-23,ACTIVE
1189,gene,BELL,gene.bell@corp.org,2022-10-18,Director,HR,$50328,1022,6691 Hernandez Bridge Apt. 161,Williamschester,NJ,22211,1971-05-04,ACTIVE
1190,Ricky,MORRISON,ricky.morrison@mail.co,2018-08-07,DevOps Engineer,HR,$53388,1005,466 Brad Key,South Jeffreyton,FL,26436,1986-03-20,ACTIVE
1191,Wanda,Wagner,wanda@wagner,2017-01-28,Marketing Manager,Operations,"$145,086",1001,67535 Huang Park,Lake Daniel,GU,67849,2002-12-02,Inactive
1192,Jeanette,THOMAS,,2021-01-12,DevOps Engineer,Marketing,101952,1008,983 Misty Turnpike,Carsonside,WA,44269,2002-04-28,inactive
1193,Ryan,NELSON,ryan.nelson@example.net,2011-11-26,Director,HR,149663,1012,099 April Mountains,New Rhonda,IA,03767,2001-10-04,Inactive
1194,RODNEY,OLSEN,rodney@olsen,2024-11-01,Product Manager,Operations,$91120,1028,6602 Lynch Knoll Apt. 726,East Robert,PR,52266,1980-07-30,inactive
1195,SYLVIA,Bishop,sbishop@corp.org,2022-05-08,Product Manager,HR,147461,1002,5022 Reyes Corner,Holmesview,CO,30763,1974-06-06,active
1196,ANA,HO,ana@ho,2010-05-17,Director,Legal,"$145,566",1009,380 Julia Way,Ellismouth,NV,23841,1999-07-24,Inactive
1197,ashley,Bates,ashley@bates,2008-05-07,Financial Analyst,Finance,"98,968",1013,9683 Sarah Mount Apt. 753,South David,DE,10747,1994-12-11,inactive
1018,gina,Rojas,grojas@COMPANY.COM,2015-02-10,Director,Finance,"70,197",1021,175 Kevin Light Suite 981,West Kaylabury,NM,06409,2003-05-24,ACTIVE
1199,cameron,rogers,cameron@rogers,2008-05-15,Software Engineer,IT,$147414,1016,1652 Allen Station,New Brookebury,SD,50667,1992-01-20,Inactive
1200,Amanda,VARGAS,amanda.vargas@corp.org,2019-09-12,Financial Analyst,HR,"45,803",1023,237 Neal Views,Phillipsmouth,LA,79728,1997-11-25,Terminated
1201,Patricia,nichols,patricia.nichols@company.com,2025-01-04,Director,Finance,$45215,1010,18357 Hall Extensions,Katherinechester,CT,53589,2001-11-20,inactive
1202,John,THOMAS,john.thomas@example.net,2020-05-09,Director,Finance,46708,,4397 Gabrielle Village,West Emily,MT,04485,1997-05-02,Active
1203,CASSANDRA,christensen,cassandrachristensen,2010-09-04,Product Manager,Operations,"$56,511",1025,184 Mary Estates,Port Justinmouth,SC,07370,1969-11-15,ACTIVE
1204,JOHN,jennings,john.jennings@company.com,2008-06-16,Data Analyst,Marketing,"$130,683",1014,44826 Brown Stravenue Suite 170,East Stephen,AZ,85080,1967-06-17,ACTIVE
1205,Ashley,cochran,ashley.cochran@corp.org,2007-11-20,Data Engineer,Marketing,$101784,1009,74797 Paul Burgs,Edwardsstad,PW,85548,1969-02-03,Terminated
1206,john,BAKER,,2023-10-23,Data Analyst,Marketing,"36,581",1026,3875 Flores Green Suite 822,New Jeffrey,FL,23739,2000-01-06,ACTIVE
1207,Jonathan,morton,jonathanmorton,2020-03-15,Software Engineer,HR,63277,1012,78069 Rose Pine,Port Stephanie,WV,30463,1979-08-16,Active
1208,Kimberly,rivers,,2019-01-21,Manager,HR,"45,957",1023,434 Cory Port,Williamview,TN,28754,1991-03-25,Active
1209,brenda,Allen,brendaallen,2009-10-04,Software Engineer,Analytics,"$46,300",1018,403 Randy Land,Harryborough,AK,51847,1993-01-20,Active
1210,natasha,NICHOLS,natasha.nichols@company.com,2011-08-09,DevOps Engineer,HR,"103,551",1024,023 Makayla Garden Apt. 733,East Loganborough,IL,16325,1984-08-11,active
1211,emily,Proctor,eproctor@example.net,2016-12-01,Data Engineer,IT,69465,1024,478 Steven Track Suite 151,New Annaberg,NH,56529,1983-07-02,Inactive
1212,julia,jones,,2014-05-19,Software Engineer,IT,147550,1019,7779 Phillips Islands Suite 633,East Brandonport,SC,36329,1976-12-08,active
1213,David,COMPTON,david.compton@corp.org,2018-02-14,Marketing Manager,Operations,"76,934",1006,940 Jackie Valleys,West Debra,NE,17362,1973-08-24,Active
1214,anthony,Gonzalez,agonzalez@company.com,2013-11-26,HR Specialist,Legal,"145,735",1002,7581 Glass Dale,West Sophia,SD,69416,1973-04-03,ACTIVE
1215,HEATHER,Wilson,heather@wilson,2020-07-21,Director,Operations,$106638,1010,76097 Joseph Island Apt. 068,Jonesshire,WI,60258,1997-09-22,active
1131,Maria,moore,,2027-10-23,HR Specialist,IT,$61895,1027,7739 Rebecca Rest,New John,ID,,1969-07-19,Inactive
1217,REBEKAH,Castaneda,rcastaneda@corp.org,2017-04-21,Data Analyst,Marketing,$47527,1023,789 Gomez Lane Apt. 434,South Lorimouth,MD,16437,1966-03-22,Terminated
1218,James,Wong,jwong@corp.org,2008-11-26,Financial Analyst,HR,"94,343",1014,5054 Amanda Corners,Stokeschester,NJ,95181,1989-11-10,active
1219,Nancy,Levine,nlevine@corp.org,2023-03-10,Data Analyst,Marketing,$81961,1019,36993 Jake Hills,Christopherbury,KS,06978,2001-05-20,Inactive
1220,katrina,MELTON,katrina.melton@corp.org,2019-05-04,Data Analyst,Operations,"67,534",1006,6513 Palmer Oval Apt. 475,Huynhborough,NJ,79268,1971-09-23,Inactive
1221,Isabella,GOODWIN,igoodwin@company.com,2009-04-07,Data Analyst,Legal,$139046,1006,6561 Danielle Stream,Simonview,CA,65504,2005-09-15,Active
1021,annette,Rice,annette.rice@company.com,2014-05-26,Data Analyst,Analytics,"$119,670",1007,9646 Reid Fall Suite 643,New Antonioborough,WY,79239,2005-03-07,active
1223,SARAH,Turner,sturner@example.net,2021-05-12,Software Engineer,Finance,"$124,550",1004,4285 Wilson Harbor Apt. 378,North Jennifer,NE,22772,1976-04-29,active
1224,AUDREY,Huynh,ahuynh@example.net,2011-07-11,Data Engineer,Finance,42992,1015,48171 Stephens Mountain,Riveraborough,OR,17607,1984-02-18,ACTIVE
1225,peggy,Goodwin,pgoodwin@corp.org,2023-07-14,Data Engineer,Legal,"98,527",1026,9777 Carlson Greens,Jesseport,HI,41149,2004-05-05,inactive
1226,David,luna,david@luna,2009-04-21,Product Manager,Analytics,55922,1011,4856 Lopez Expressway Apt. 301,Lake Danielleborough,FL,36721,1972-03-24,active
1227,JAMIE,Ferguson,jamie.ferguson@corp.org,2014-01-05,Manager,Analytics,"112,662",1024,7523 Garza Islands Suite 926,Emilystad,AK,34753,1972-03-07,Terminated
1228,AUSTIN,JOHNSON,austin@johnson,2022-12-27,Manager,Finance,39975,,98307 Hutchinson Springs,Jenniferville,NC,79279,2005-05-10,Active
1229,MORGAN,Newton,mnewton@COMPANY.COM,2010-10-26,Software Engineer,IT,$54360,1001,3230 Crawford Groves Suite 153,East Timothy,IA,59053,1981-07-13,Active
1230,kimberly,Gray,kgray@corp.org,2015-10-19,Manager,Analytics,"$130,990",1012,0065 Burch Landing,New Johnathan,MN,87298,1994-01-28,Terminated
1231,Kathleen,NUNEZ,kathleen.nunez@mail.co,2024-02-28,Marketing Manager,HR,"131,206",1018,223 Megan Hills Apt. 513,South Yolanda,KS,12981,2001-12-03,active
1232,Jennifer,WHITE,jennifer.white@mail.co,2027-11-24,DevOps Engineer,Analytics,78406,1025,577 Donna Streets,Torresberg,MN,59270,1967-11-25,active
1233,Christina,Johnson,cjohnson@company.com,2016-02-02,Director,Analytics,125855,1003,9062 Green Wall,Ferrellland,GU,47291,1973-08-08,ACTIVE
1234,MARY,Russell,mrussell@example.net,2023-10-29,Financial Analyst,Marketing,84197,,46562 Frank Fields,Marymouth,SC,62248,2005-12-21,Inactive
1235,rachel,Ellison,rellison@company.com,2009-08-21,HR Specialist,IT,"44,725",1008,13670 Trujillo Drives Suite 121,Smithtown,OK,09660,1995-01-17,active
1236,Austin,peterson,austinpeterson,2023-08-05,Product Manager,Finance,55591,1029,60849 Barnes Unions,New Johnnymouth,OR,21401,1976-11-25,Active
1237,Susan,Phillips,susan.phillips@corp.org,2007-07-07,Data Analyst,IT,"$86,498",1018,344 Hurst Springs Suite 030,Angelashire,RI,64452,1983-11-09,active
1238,cindy,doyle,cindy.doyle@COMPANY.COM,2026-07-15,HR Specialist,IT,97071,1022,36967 Gomez Harbor,Reginaville,NY,03247,1991-09-09,ACTIVE
1239,ALEXANDER,Lopez,alopez@example.net,2017-08-22,Manager,Finance,"40,848",1009,91778 Linda Flats Suite 241,Jessicashire,ME,13859,1992-03-16,Inactive
1240,jessica,diaz,jessica@diaz,2017-04-04,Product Manager,Analytics,107561,1002,036 Page Wells,Kimberlyhaven,ID,22784,1971-02-10,Inactive
1241,DANIEL,Wells,daniel.wells@corp.org,2024-06-25,Marketing Manager,Legal,128625,1028,5533 Williamson Vista,Kleinside,KS,66070,1971-06-06,inactive
1242,Julia,MENDOZA,julia.mendoza@COMPANY.COM,2019-12-10,Director,Analytics,"$40,593",1020,056 Martinez Extension Apt. 453,Grayton,CT,84214,1975-12-25,Active
1243,Oscar,stewart,ostewart@company.com,2022-07-16,Data Engineer,Finance,"107,358",1021,48512 Cruz Shoals,East Susanborough,TN,42642,1978-06-24,ACTIVE
1244,Melissa,payne,melissa.payne@example.net,2018-12-21,Manager,Marketing,112061,,041 Houston Lakes,Marissamouth,CT,31764,1965-04-01,Active
1245,April,Young,,2020-04-20,DevOps Engineer,IT,"57,570",1018,9837 Amy Lights Apt. 129,Stephanieshire,WY,73143,1982-05-08,Inactive
1246,ANN,scott,ascott@example.net,2010-06-03,Financial Analyst,IT,"79,284",1002,340 Mclaughlin Junction Suite 046,Ramirezville,TX,90762,1996-11-01,ACTIVE
1247,Gabriel,Anderson,ganderson@corp.org,2013-01-13,Marketing Manager,Marketing,119614,1004,974 Wilson Curve Suite 892,New Jamesborough,PR,32194,1989-05-09,active
1248,dawn,HILL,dhill@company.com,2019-05-06,Data Engineer,Finance,52779,1016,9426 Cohen Court,Lynnmouth,PW,27797,1993-09-20,active
1249,Sonya,CLAY,sclay@corp.org,2019-12-01,DevOps Engineer,Marketing,87028,1008,2369 Jacqueline Turnpike Suite 989,Port Brooke,KY,65434,1982-03-02,Terminated
1250,Julie,Johnson,jjohnson@COMPANY.COM,2015-11-04,Data Analyst,HR,"$38,597",1006,98332 Frye Meadow,Ericmouth,CA,18347,1979-07-20,Active
1251,NICOLE,Simpson,nicolesimpson,2018-12-19,Software Engineer,Finance,$52342,1028,523 Dylan Locks,Sarahfort,SD,69299,2003-01-31,inactive
1252,Brent,Miller,bmiller@example.net,2018-10-03,DevOps Engineer,HR,"$63,601",1010,15337 Evan Highway,Adrianahaven,MP,31101,1975-08-13,ACTIVE
1253,Taylor,Walker,taylorwalker,2015-10-03,DevOps Engineer,IT,"79,077",1004,,Jeffreymouth,SC,38959,1969-12-13,Terminated
1254,DENISE,frank,dfrank@mail.co,2019-06-22,Financial Analyst,Operations,53340,1029,5702 Adam Fields Suite 893,New Joseph,OH,80462,1987-10-11,Terminated
1255,LORI,Knox,,2007-07-03,DevOps Engineer,Operations,"81,988",1013,450 Ramos Square,Wandaside,ND,24096,1989-12-09,active
1256,CRYSTAL,Guerrero,crystal.guerrero@company.com,2018-04-30,Financial Analyst,Analytics,"132,545",1004,34079 Brittany Courts Apt. 184,Lake Richard,OR,49363,1995-06-16,Inactive
1257,shawn,vincent,shawn.vincent@example.net,2018-12-15,Data Engineer,IT,"$148,704",1010,115 Todd Junction,Jamieburgh,MI,88397,1976-11-11,inactive
1258,Robert,ROBERTSON,robertrobertson,2018-11-22,Data Analyst,Finance,$78598,1005,65876 Rachel Mountain Suite 180,East Ronaldburgh,PR,05437,1969-09-22,ACTIVE
1259,Ronald,guerrero,ronald@guerrero,2027-01-22,Marketing Manager,Finance,"$91,233",1025,36604 Ashley Drive Apt. 857,New Holly,ND,66266,1979-04-06,Inactive
1163,MARY,miller,,2024-08-22,Director,Analytics,"125,901",1001,3886 Nathan Meadow,West James,KS,85185,1984-07-26,ACTIVE
1261,Kevin,Frank,,2012-07-02,Financial Analyst,Finance,$125017,1006,110 Garrett Fields Suite 387,East Steve,GU,70087,1987-03-26,ACTIVE
1262,Barbara,harris,barbara.harris@COMPANY.COM,2025-01-30,Manager,Analytics,131216,1006,5891 Denise Run,South Kenneth,WY,82177,1994-08-03,inactive
1263,Amanda,hall,amanda.hall@mail.co,2006-06-22,Data Analyst,Operations,144591,1026,19508 Lee Center Apt. 957,Johnborough,MO,27129,1989-02-18,Active
1264,ROBERT,hayes,rhayes@corp.org,2006-08-07,Data Analyst,Operations,"103,197",1018,10544 Kemp Mission Apt. 059,South John,MP,75175,2002-06-26,inactive
1265,Jessica,casey,jcasey@company.com,2011-09-23,Director,Marketing,"61,181",1004,87717 Mendez Brook Apt. 378,New Deborahport,CO,74569,1982-03-03,inactive
1266,NATALIE,Peterson,natalie.peterson@corp.org,2012-02-16,Software Engineer,IT,123032,1006,866 Carly Lane,Hornefurt,AR,57738,1980-03-21,Active
1267,rodney,Kemp,rkemp@COMPANY.COM,2017-12-18,HR Specialist,HR,95853,1003,08755 Russell Manors,Myersshire,AZ,59933,1969-05-18,Active
1268,tyrone,garrett,tyrone.garrett@company.com,2025-11-10,Manager,Operations,$119829,1012,619 Brett Prairie,Philipfort,NC,26538,2001-08-25,ACTIVE
1269,Kelly,JACKSON,kjackson@company.com,2013-04-29,Marketing Manager,Finance,"$70,629",1029,9256 Tammy Skyway Apt. 908,Port Stephen,ND,82524,1991-11-23,Terminated
1270,andrew,ROBINSON,arobinson@company.com,2025-10-27,Product Manager,Finance,"$140,154",1026,06820 Kimberly Loaf,North Glennville,NV,78237,2002-08-28,active
1271,RICHARD,Walker,richard.walker@example.net,2021-09-30,Marketing Manager,Finance,41025,1028,7734 Collins Street,North Carrieside,FM,32854,1986-11-10,ACTIVE
1272,Susan,reynolds,,2028-03-11,Director,Finance,"$80,318",1024,58990 John Cliffs,Jonesbury,CA,42215,2002-08-22,active
1273,Carlos,Thomas,carlos.thomas@COMPANY.COM,2009-11-21,DevOps Engineer,HR,"66,574",1002,,South Jeffreyburgh,IN,65951,1994-01-31,ACTIVE
1274,John,Jenkins,jjenkins@company.com,2019-08-19,DevOps Engineer,HR,"$50,559",1013,62024 Jacqueline Ranch,West Saramouth,WY,03067,1969-11-13,Terminated
1275,Brittney,SMITH,bsmith@example.net,2024-04-13,Financial Analyst,Legal,$42113,1018,161 Anthony Field,East Deannastad,GA,36750,1979-11-05,Inactive
1276,casey,burns,casey.burns@COMPANY.COM,2020-05-28,Financial Analyst,HR,"143,774",1023,02846 Johnson Forks,East Danielchester,MS,98633,1973-05-11,inactive
1277,Joseph,williams,josephwilliams,2015-05-17,Director,IT,"$146,698",,50255 Lowe Mill Apt. 820,New Kyle,OK,96734,1987-01-11,active
1278,ernest,Brown,,2018-05-18,Data Engineer,Analytics,100382,1004,0262 Schmidt Canyon Apt. 787,Lake David,TX,13662,1979-04-01,inactive
1279,CHRISTOPHER,SMITH,christopher.smith@COMPANY.COM,2014-05-06,Marketing Manager,Operations,"113,714",1019,1007 Ray Manors Apt. 395,North Misty,MO,33616,1994-05-17,inactive
1280,Katrina,Davis,katrina.davis@example.net,2025-04-02,Manager,Finance,"113,974",1023,638 Amber Freeway Apt. 383,New Rebeccaburgh,VA,98947,2005-08-17,Terminated
1281,Renee,Hopkins,,2019-03-15,Manager,Marketing,"106,105",1018,621 Nicholas Mill,Randolphville,AL,98930,1974-03-20,Terminated
1282,Virginia,Morris,virginiamorris,2017-04-11,Software Engineer,Finance,54048,1019,55648 Kenneth Drive Apt. 930,Ramosbury,AS,15821,1972-09-24,Terminated
1283,kristopher,Mata,kristophermata,2013-04-19,Financial Analyst,Legal,94322,1010,89260 Bridges Brooks Suite 126,Port Phillip,MS,26450,1968-06-14,inactive
1284,Brian,weaver,bweaver@example.net,2014-11-17,Marketing Manager,Legal,"124,803",1024,1971 Ricky Rue Apt. 432,Kleinport,NY,94403,1995-04-06,inactive
1285,TINA,Davidson,,2023-03-21,Product Manager,Analytics,$136731,1028,1477 Diane Pine Apt. 280,Jamesview,SC,30546,2005-04-13,ACTIVE
1286,jessica,Fritz,jessica@fritz,2020-01-19,Manager,Analytics,"111,544",1006,676 Jones Club Suite 697,New Christina,OK,31360,1996-11-28,Active
1287,Stephanie,Martinez,stephanie@martinez,2006-12-20,Data Analyst,Legal,"127,757",1005,273 Baker Branch,Lake Bruceborough,NY,71518,1979-12-23,inactive
1288,Michael,brewer,michael.brewer@corp.org,2013-10-20,Director,Operations,"78,500",1017,24835 Smith Prairie,Carlosland,FL,53603,1982-12-08,ACTIVE
1289,jason,gutierrez,jgutierrez@corp.org,2023-02-28,Director,Operations,$115439,1016,8875 Jones Expressway,New Steven,WV,18397,2001-06-01,Active
1290,Tara,hill,thill@mail.co,2009-10-29,Data Engineer,Legal,"$101,680",1004,902 Jason Drive,Yoderchester,WI,24994,1966-08-16,Inactive
1291,nicholas,carter,,2016-02-12,Director,Legal,"$124,837",1017,279 Hays Shore Apt. 134,Brianfurt,PR,54227,2005-12-21,Active
1292,tiffany,MARTINEZ,tmartinez@company.com,2021-07-23,Financial Analyst,IT,46471,1024,769 Aaron Junctions Apt. 508,North Patrick,AL,64000,1989-09-05,Active
1293,Katie,Sims,ksims@example.net,2010-06-19,Financial Analyst,IT,86052,1027,53983 Mckay Passage Apt. 065,Erinhaven,AZ,79011,1981-04-27,inactive
1058,jason,Yates,jasonyates,2008-09-25,HR Specialist,Legal,"$92,367",1023,650 Austin Expressway Apt. 896,Lake Matthewborough,FM,37509,1972-11-13,Inactive
1295,Pamela,ROBERTS,,2026-09-24,Financial Analyst,IT,$107551,1005,1934 Kimberly Motorway,Lake Gregory,PW,98381,1989-04-28,Active
1296,Victoria,PHILLIPS,,2026-03-04,Manager,Analytics,$59116,1018,51279 Torres Parks Suite 672,North Ericberg,PW,48090,1976-12-12,inactive
1297,Angela,delgado,angeladelgado,2014-10-04,HR Specialist,IT,"$60,875",1026,74840 Amber Turnpike,New Danielle,KY,55832,1972-09-20,ACTIVE
1298,Heather,Proctor,hproctor@example.net,2009-02-18,Product Manager,Operations,$75065,1010,9512 Robinson Port,North Patrick,UT,60792,1966-12-24,inactive
1299,MICHAEL,Foster,mfoster@corp.org,2009-05-03,Manager,Operations,"131,072",1006,,Jessicahaven,TN,46611,1980-11-04,Inactive
1300,robert,Callahan,robertcallahan,2007-04-18,HR Specialist,Operations,117132,1018,8920 Mendoza Spur Apt. 278,Lake Charles,NM,13435,1976-04-04,Terminated
1301,ASHLEY,holland,aholland@mail.co,2027-09-18,Data Engineer,Marketing,$96879,1027,97108 Fox Key,Montgomeryberg,MT,45857,1989-10-25,ACTIVE
1302,kelsey,Vaughn,kelseyvaughn,2012-11-16,Director,Legal,$140714,1028,498 Wood Junction Apt. 605,West Moniqueland,MA,28204,1966-10-26,inactive
1303,Joyce,Williams,joyce.williams@company.com,2010-03-08,DevOps Engineer,Analytics,"43,239",1019,066 Scott Harbor,Josephstad,WV,81985,2004-11-21,ACTIVE
1304,Andrea,webb,andrea@webb,2007-04-05,Data Analyst,Operations,"103,337",1026,368 Justin Via Apt. 697,Torresside,UT,03657,1976-09-21,Terminated
1305,brandon,Powers,brandon.powers@example.net,2022-11-16,Data Engineer,Finance,"81,255",1021,718 Nelson Shoals Suite 314,Bobbychester,VI,52376,1993-09-13,Inactive
1306,KATHRYN,hale,kathryn@hale,2009-07-15,Director,Analytics,$59498,,07423 Mark Rue Apt. 939,Benjaminville,GU,22993,1987-11-03,ACTIVE
1307,Karen,Hansen,karen.hansen@example.net,2018-09-11,Product Manager,Analytics,"$119,837",1014,458 Vincent Prairie,Lake Raymond,CA,65806,1979-03-05,Active
1308,NANCY,simpson,nsimpson@COMPANY.COM,2020-03-08,Manager,Marketing,88143,1005,2211 Sandy Neck Suite 665,North Scottview,PR,99891,1999-01-19,Terminated
1309,Kimberly,HARDY,khardy@COMPANY.COM,2023-12-07,Product Manager,Analytics,$139151,1007,314 Wilson Ways Apt. 268,Port James,NJ,67460,1979-11-20,inactive
1310,patricia,CARPENTER,pcarpenter@example.net,2015-02-18,Manager,IT,$37170,1011,86829 Shannon Isle Apt. 792,South Bonnie,GA,35803,1993-08-08,inactive
1311,daniel,jones,djones@company.com,2007-10-24,Manager,Marketing,105685,1005,1317 Johnson Lakes Suite 067,North Jackbury,AL,60871,1995-08-17,Terminated
1312,Joseph,Walton,,2020-06-03,Product Manager,IT,$90769,1002,767 Nathan Freeway Suite 667,Laurenfort,DC,20337,1985-03-25,ACTIVE
1313,Michael,WRIGHT,,2023-06-08,Software Engineer,Marketing,103490,1010,66620 Shari Road,West Crystal,WY,42257,1980-12-19,inactive
1132,Catherine,Hodge,chodge@mail.co,2014-01-31,Product Manager,HR,"115,200",1012,4103 Henry Lodge Suite 521,Bellside,ID,20314,1985-01-13,Terminated
1315,Max,Perez,max@perez,2018-05-31,Marketing Manager,Operations,53096,1018,0696 John Freeway Apt. 662,Carterberg,OH,21899,2001-02-12,Terminated
1316,Karen,peters,kpeters@COMPANY.COM,2020-07-28,Software Engineer,Legal,$46939,1004,201 Beasley Ports,Lake Jade,MA,40551,2001-07-24,Inactive
1317,Brian,Yu,,2015-05-27,HR Specialist,Operations,113311,1008,810 Joseph Mission,South Chrisshire,CT,13540,1983-09-01,active
1318,LINDA,ward,,2015-01-19,Director,Marketing,57214,1022,06965 Kent Lodge Apt. 748,South Erika,FM,27411,1995-03-20,ACTIVE
1319,Angel,Thompson,angel.thompson@mail.co,2026-09-25,Data Engineer,IT,131590,1009,8967 Karen Vista,West Paul,ME,67104,1974-06-29,Active
1320,Ronnie,BONILLA,ronnie.bonilla@mail.co,2011-08-06,DevOps Engineer,Finance,110354,1019,63141 Garcia Union,Smithport,FM,91921,1989-05-15,ACTIVE
1321,Brandi,Perez,bperez@example.net,2018-08-09,Product Manager,Finance,$135921,1017,384 Anna Way,West Danielle,KY,32597,1969-05-27,ACTIVE
1322,Jeremy,castillo,jeremycastillo,2016-08-26,Director,Legal,"$76,383",1019,70666 Randy Trace Suite 129,West Sandra,NV,38305,1977-02-04,ACTIVE
1323,Rick,casey,rick.casey@mail.co,2027-01-11,DevOps Engineer,HR,$81338,1003,376 Kelly Trail,East Matthewberg,PA,83061,1970-11-02,inactive
1324,MARK,Martin,mark.martin@COMPANY.COM,2021-09-17,Director,Legal,"67,728",1007,611 Danielle Neck,Danielberg,DE,99819,2001-12-17,active
1325,jessica,Rowe,jessica@rowe,2006-09-18,DevOps Engineer,Marketing,"148,871",1022,49590 James Tunnel,Martinezhaven,AS,,1987-11-16,Inactive
1326,jacqueline,Gonzales,jacquelinegonzales,2014-09-15,Data Engineer,HR,$86605,1013,57068 Karen Fork Suite 270,Port Miranda,MH,33254,1970-02-12,Inactive
1327,Nicole,smith,nsmith@corp.org,2024-01-21,Product Manager,Legal,$69039,1023,,Johnton,FL,52991,1982-06-13,inactive
1328,ANTHONY,Farmer,afarmer@corp.org,2023-07-22,Marketing Manager,HR,$94077,1011,89340 Richard Point,Timothyville,IN,31735,1984-08-30,inactive
1329,Krista,Gomez,krista.gomez@COMPANY.COM,2006-04-24,Manager,Finance,140600,1004,875 Woods Rapids Apt. 621,South Kevinborough,MD,06386,1996-11-06,active
1330,Carmen,Richardson,,2012-08-07,Software Engineer,Finance,$47972,1021,90778 Michael Trafficway Suite 118,Lake Brittany,MD,20743,2006-01-07,Active
1331,David,Moore,david@moore,2020-05-11,Financial Analyst,IT,88970,1004,09969 Barbara Garden Suite 293,North Kyleville,WY,28806,2005-11-09,ACTIVE
1332,Shari,Thomas,,2019-06-10,DevOps Engineer,Legal,"$131,537",1019,6527 Karen Tunnel,Lake Michael,NC,37267,1972-02-28,Active
1333,Jacob,Hicks,jacob@hicks,2017-02-05,Data Analyst,IT,"56,233",1005,4587 Catherine Mall,North Diane,IL,70241,1973-02-13,active
1334,Peggy,Solomon,peggy@solomon,2014-03-03,Marketing Manager,Analytics,59102,1020,8069 Orr Station Suite 939,Karenton,SC,01518,1973-08-19,active
1335,Eileen,pena,eileen.pena@company.com,2016-04-26,DevOps Engineer,Marketing,42055,1023,599 Adam Locks Suite 317,Port Cassidy,FM,72367,1998-07-01,Inactive
1336,James,Davis,james.davis@COMPANY.COM,2017-05-10,HR Specialist,Finance,$117114,1020,853 Washington Mountains Suite 104,Kathrynfurt,TX,64656,2004-09-08,active
1337,Deborah,Mckee,dmckee@mail.co,2018-04-23,Data Engineer,Finance,$52709,,04779 Ryan Islands,East Kathleenmouth,KY,02006,1970-02-04,inactive
1338,Michael,Hernandez,michaelhernandez,2020-02-11,Data Analyst,Finance,"75,352",1019,58198 Jacob Bypass,Port Caitlinton,CA,63442,1986-05-04,Inactive
1339,Brittany,Edwards,brittanyedwards,2014-02-22,DevOps Engineer,Legal,"97,530",,935 Amy Fork Apt. 418,North Jason,HI,06613,1980-11-05,Active
1340,Danny,Kelley,danny.kelley@example.net,2017-06-26,Manager,Operations,"$131,615",1026,,West Kirstenhaven,ND,49174,1972-02-23,Inactive
1341,Steven,Vargas,svargas@mail.co,2020-07-16,Marketing Manager,Analytics,146867,1017,319 Travis Cove,West Laurastad,PR,10501,1975-04-09,active
1342,LISA,Harris,lisa.harris@company.com,2007-09-14,Software Engineer,Marketing,$37900,1015,5893 Moreno Vista Apt. 326,West Heidi,NJ,11096,1980-09-12,Active
1343,William,MURRAY,wmurray@corp.org,2010-02-11,HR Specialist,Legal,"$139,787",1001,1966 Rebecca Crest Apt. 668,Lake Ericton,GU,54373,1977-09-17,ACTIVE
1344,Christine,Johnson,christine@johnson,2013-03-01,Manager,Analytics,"145,302",1027,29469 Kennedy Hollow Suite 652,New Toddfort,KY,46134,2005-05-11,Inactive
1345,WILLIAM,white,wwhite@COMPANY.COM,2009-04-23,Data Analyst,Marketing,$122294,1008,37424 Roberts Roads Apt. 080,North Michaelville,DC,48372,1995-12-13,Inactive
1346,jennifer,Chen,jennifer@chen,2006-10-08,Director,HR,$41827,1006,459 Mcdonald Shores Suite 742,Lauraport,NJ,45077,1976-05-29,Active
1347,Melissa,DIAZ,melissa.diaz@company.com,2019-09-02,Product Manager,Legal,"$125,538",,2665 Mckinney Mountain Apt. 104,Garrettberg,NM,50280,1969-08-16,Terminated
1348,Dominique,blackwell,dblackwell@company.com,2008-07-03,Manager,Operations,105300,1006,81997 Hayes Ferry,West Jennyberg,PR,47803,1969-05-05,active
1349,Paula,MILLER,paula@miller,2006-09-02,Financial Analyst,Operations,"52,659",1021,414 Kevin Center Apt. 107,Hallstad,NY,03381,1985-05-12,Active
1350,Mary,Foster,mfoster@example.net,2014-09-23,Product Manager,Legal,$107682,1023,0126 Rachel Haven,North Jacob,NV,37996,1981-07-09,Active
1351,Brett,MORRIS,brett@morris,2018-06-27,Product Manager,Analytics,77034,1018,21842 Banks Orchard,Garyberg,MA,,1978-01-02,Terminated
1352,Antonio,Levine,antonio@levine,2007-03-29,Data Analyst,IT,103576,1022,03879 Deanna Trace Suite 663,Kimberlyshire,VI,01674,1975-02-12,Active
1353,kevin,Mendoza,,2021-01-12,Product Manager,HR,"41,433",1007,19681 Gabriella Ports Apt. 692,Toddberg,NJ,72697,1998-06-19,active
1354,jennifer,Rosales,jrosales@company.com,2016-06-26,Data Engineer,Operations,"89,519",1007,334 Anderson Forge,Johnsonberg,SC,75473,1993-06-18,Terminated
1355,LAURA,christensen,laurachristensen,2010-12-01,Data Engineer,Finance,$59832,1024,040 Jane Crescent,North Matthew,CA,41610,1966-05-24,inactive
1356,jeffrey,Murphy,,2014-12-05,Marketing Manager,IT,$56864,1018,146 John Villages,Robertmouth,MN,76668,2003-09-11,inactive
1357,Jennifer,Price,jprice@corp.org,2006-04-13,Marketing Manager,Legal,"130,140",1020,10975 Williams Lock Suite 624,East Lorifort,IA,23861,2006-02-13,inactive
1358,Cheryl,Perry,cheryl.perry@example.net,2013-07-04,Software Engineer,HR,113087,1018,66592 Powell Mission,South Richard,AK,07527,1982-04-17,inactive
1359,Lisa,hensley,,2022-07-03,Data Engineer,Marketing,$109922,,226 Hernandez Valleys Apt. 181,Port Ricardohaven,TN,41869,1974-01-10,Active
1360,Joshua,Shaw,joshua@shaw,2016-05-22,Product Manager,Analytics,131241,1012,642 Castillo Freeway Apt. 651,Lesliefort,MH,35022,2002-12-22,Terminated
1361,kathy,Kline,,2023-08-11,Marketing Manager,IT,137252,1029,74608 Kevin Street,Lake Katelyn,CO,96290,1989-06-13,ACTIVE
1362,jennifer,Harris,jharris@company.com,2019-07-24,Data Engineer,IT,$76853,1028,8495 Rachel Coves Suite 706,North Robertborough,AK,52539,1970-05-19,ACTIVE
1363,sergio,WHITE,swhite@example.net,2011-09-22,Marketing Manager,Analytics,"52,326",1024,609 Brian Ville Suite 260,Jeffreyberg,IN,05829,2002-09-18,Active
1364,JEFFREY,MORTON,jeffreymorton,2010-07-21,DevOps Engineer,Finance,$120491,1009,12564 Larry Gateway Suite 937,Ryanchester,WY,45081,1997-06-24,inactive
1365,veronica,king,vking@example.net,2011-04-13,Financial Analyst,HR,"59,967",1003,491 Jeffrey Mount,Brianstad,MP,94195,1999-05-24,ACTIVE
1366,William,BRAUN,william.braun@example.net,2027-02-23,Director,Analytics,"124,831",1012,29495 Amy Fall Apt. 895,North Kathryn,SC,20241,1999-12-17,active
1367,MICHAEL,Chavez,mchavez@company.com,2022-08-14,Data Analyst,HR,"$93,990",1002,219 Castaneda Brooks Apt. 184,Browntown,AK,30979,1999-06-23,Active
1368,Kimberly,MARTIN,kmartin@company.com,2019-10-06,Product Manager,Operations,104048,1018,9851 Katrina Parkway,Nicoletown,ID,45820,1980-07-29,ACTIVE
1369,sara,wood,sara@wood,2015-03-17,Financial Analyst,Legal,49141,1020,2015 Michael Brooks Apt. 897,New Aaron,ID,26379,1972-12-18,ACTIVE
1370,Angela,Ballard,angelaballard,2016-05-06,Manager,Analytics,"$100,621",1013,121 Nancy Lake,New Lindseyland,NY,20917,1980-08-15,inactive
1371,MARTHA,riley,martha@riley,2026-12-26,Financial Analyst,Operations,$74626,1010,90547 Holly Rest,New Shawnberg,GA,40036,1982-05-21,inactive
1372,ricardo,Frazier,ricardo.frazier@COMPANY.COM,2011-08-28,Financial Analyst,Finance,$121105,1013,9593 Jacqueline Shoal,Georgeberg,CT,65633,1993-05-22,Active
1373,BRIAN,MARTINEZ,bmartinez@example.net,2006-09-27,Product Manager,HR,$93873,1028,80423 Kathleen Squares Apt. 711,South Christinaton,MI,77701,1979-05-13,active
1374,LONNIE,Chase,,2019-07-04,Manager,HR,43888,1007,0803 Hamilton Fall,Conniefurt,MP,59117,1971-03-10,active
1375,Amy,Castillo,,2016-11-11,HR Specialist,Analytics,$137119,1025,069 Morrison Islands,Brandonfurt,KY,47384,1998-12-13,Active
1376,MARK,WHITE,mwhite@company.com,2028-01-03,Data Analyst,Operations,"$137,213",1020,094 Adam Crescent,Port Meganfurt,ME,84988,1975-08-07,active
1377,Kari,BERRY,kari.berry@COMPANY.COM,2011-04-28,Director,IT,88554,1012,05164 Sanford Estate Suite 114,Jonathanview,OR,65395,2006-01-07,ACTIVE
1378,Omar,Pitts,opitts@corp.org,2011-03-07,Director,Finance,88066,1007,479 Christine Lights Suite 293,New Abigailton,IN,90862,1992-10-20,inactive
1379,michele,nelson,mnelson@example.net,2022-06-09,Software Engineer,Analytics,"$102,987",1020,5376 Grace Prairie Apt. 449,Smithhaven,WA,87476,1969-04-26,Terminated
1380,Patrick,Holder,patrick.holder@example.net,2018-12-19,Marketing Manager,HR,115364,1002,140 Joseph Burgs Suite 879,Reyesstad,ID,43961,1968-02-03,Terminated
1381,SARAH,REED,sreed@example.net,2019-05-18,Financial Analyst,Finance,$38265,1015,82399 Foley Forge,Joshuabury,AK,28573,2004-11-03,Inactive
1382,SEAN,johnson,sean.johnson@company.com,2012-10-18,DevOps Engineer,Operations,82571,1015,304 Jose Valley,New Nicholas,AR,21192,2000-09-17,inactive
1383,Mark,house,mhouse@COMPANY.COM,2017-06-04,Product Manager,Legal,$121445,1020,29309 Justin Flat,East Lisa,VT,96814,2000-07-03,active
1384,Steve,Mcclure,steve.mcclure@COMPANY.COM,2013-06-29,Manager,Analytics,"35,463",1014,543 Hall Lodge,Thomasfurt,WY,53316,1995-10-16,Active
1385,DANIEL,Davis,ddavis@example.net,2012-10-19,DevOps Engineer,IT,113802,1001,97326 Bryan Loaf,Alvarezbury,CT,95801,1967-08-16,active
1386,JACKIE,caldwell,jackie.caldwell@corp.org,2008-11-21,Manager,Legal,"39,250",1027,5776 Weaver Parkway,Scottmouth,DE,46338,1965-06-14,ACTIVE
1387,LINDSEY,Quinn,lquinn@mail.co,2027-06-17,Software Engineer,IT,"135,730",1006,388 Luis Pine Suite 464,Deckerberg,WY,38624,1967-02-10,ACTIVE
1388,Eric,ROSE,eric@rose,2010-01-16,Financial Analyst,Marketing,$89232,1014,7827 Deborah Shoal Apt. 777,East Courtneybury,PA,89371,1990-04-11,Terminated
1389,James,Garza,jgarza@mail.co,2021-01-31,HR Specialist,Marketing,"110,385",1021,099 Jackson Throughway,East Scottfurt,SC,73334,2000-05-16,active
1390,JOHN,Ortiz,john.ortiz@COMPANY.COM,2009-03-31,Data Analyst,IT,95933,1016,30292 Brent Divide,Webstertown,WY,27322,1981-09-18,Terminated
1391,CATHERINE,miller,catherine@miller,2016-09-29,HR Specialist,Legal,"43,891",1014,41549 Joseph Camp,New Jakechester,RI,94463,1993-03-19,ACTIVE
1392,ashley,BENNETT,abennett@COMPANY.COM,2015-08-10,Financial Analyst,Operations,"$97,797",,4858 Smith Meadows Suite 186,Jonathanhaven,VA,11630,1966-01-01,Active
1393,Roy,Beck,roy@beck,2022-11-18,Product Manager,Operations,"123,892",1029,20034 Bowers Dam Suite 059,Coxton,CO,93673,1977-08-04,inactive
1394,emily,BROWN,emily.brown@corp.org,2013-07-07,Financial Analyst,Finance,$117118,1026,8326 Thomas Path Suite 332,Garciaberg,DE,44664,1969-12-26,inactive
1395,Megan,santana,msantana@corp.org,2012-10-31,Data Analyst,Finance,$149956,1026,0804 Martinez Plaza Suite 017,East Charlesfort,KY,12684,1973-01-13,ACTIVE
1396,felicia,HAMPTON,fhampton@company.com,2016-06-12,Data Engineer,IT,"$139,729",1010,920 Wallace Mills,Tylerhaven,IL,25574,2004-03-15,inactive
1397,ANNA,simpson,annasimpson,2024-08-13,Director,Operations,"$39,791",1028,027 Courtney Spurs,Port Susanmouth,PA,43478,1992-08-01,Inactive
1398,elizabeth,Johnson,elizabeth.johnson@example.net,2024-08-31,Data Analyst,Marketing,"135,424",,9519 Jacob Way Apt. 049,Lake Coreyside,OR,06402,1999-10-20,Active
1399,Joseph,Roberson,jroberson@company.com,2024-10-17,Manager,Analytics,70866,1011,975 Ryan Motorway,New Frank,VI,44560,2002-04-23,Active
1400,ANDREA,Cook,andrea.cook@mail.co,2013-12-13,Manager,IT,"75,812",1018,8690 Ronald Well Suite 999,North Brentshire,OH,80364,1996-06-09,inactive
1401,chad,Hall,chad.hall@example.net,2013-09-23,Product Manager,Marketing,"$117,505",1022,28145 Cynthia Centers Apt. 857,Lake Margaretstad,PA,43358,2003-04-27,inactive
1402,David,SCOTT,david@scott,2011-04-04,Data Analyst,Finance,"$75,683",1025,036 Harris Manor,Andrewmouth,VT,97054,2005-06-05,Inactive
1403,MARGARET,Lewis,mlewis@corp.org,2012-10-18,DevOps Engineer,IT,"$43,567",1020,8502 Linda Meadows,East Nathanielmouth,VI,43732,1968-05-07,Active
1404,kimberly,Phillips,kphillips@company.com,2024-08-07,Data Engineer,Operations,"44,296",1025,6924 Moore Greens,Jessicashire,CO,44070,1968-12-22,inactive
1405,Pamela,owen,pamela.owen@corp.org,2025-10-16,Product Manager,Finance,"$137,801",1008,31636 Ross Manor Apt. 696,Ramirezburgh,AS,04951,1972-12-25,inactive
1406,Sierra,compton,sierra@compton,2022-12-06,Financial Analyst,Marketing,"$47,799",1022,9043 Douglas Mount,Michaelfort,AS,54313,1979-08-23,active
1407,Sharon,Morgan,,2011-11-11,Software Engineer,IT,$63522,1022,76778 William Parkway Suite 415,Cathystad,RI,87852,2001-12-04,inactive
1408,David,Peters,david@peters,2021-10-03,Director,Analytics,"124,327",,138 Taylor Drive,Harveybury,OR,07051,1986-06-24,ACTIVE
1409,evelyn,klein,evelyn@klein,2014-08-13,Manager,Legal,73559,1014,437 Smith Canyon,Williamsmouth,NE,62859,2004-07-11,ACTIVE
1410,luis,Hammond,luis.hammond@company.com,2020-08-17,Marketing Manager,Operations,"$112,353",,94081 Molly Skyway Apt. 813,New Jilliantown,KS,66054,1973-05-20,Terminated
1411,SAMUEL,WASHINGTON,swashington@mail.co,2014-05-04,Financial Analyst,Legal,$89687,1018,396 Knight Views,North Emily,LA,33191,1990-06-26,ACTIVE
1412,Benjamin,Taylor,benjamin.taylor@COMPANY.COM,2009-12-20,Manager,Operations,"$140,636",1003,1378 Emily Curve,Amandaberg,LA,26276,1985-03-19,Inactive
1413,Sarah,Sullivan,sarah.sullivan@corp.org,2022-01-30,Manager,Finance,114242,1020,59498 Ryan Port Apt. 215,Rodriguezbury,AL,13035,1985-09-06,inactive
1414,Lisa,perez,lisa@perez,2025-10-28,Financial Analyst,IT,"$111,056",1009,389 Young Mall,East Robert,NC,97810,1979-02-08,Terminated
1415,Jason,adams,jasonadams,2014-01-22,Director,Finance,117662,1028,7948 Michelle Corners Suite 236,Port Linda,LA,57274,1973-12-07,Terminated
1416,frank,Miller,frank@miller,2010-08-13,Product Manager,Operations,"$78,452",1002,0791 Daniel Branch,New Pamela,FM,92447,1969-05-13,ACTIVE
1417,Steven,Jimenez,steven@jimenez,2013-07-18,Product Manager,Analytics,110085,1002,7560 Wells Way Suite 340,Lake Christianfurt,VA,38701,1996-03-16,Terminated
1418,diane,Todd,diane.todd@corp.org,2007-04-12,Product Manager,HR,"71,073",1010,49805 Reese Mews,Robertsmouth,CO,93351,1992-03-18,Active
1419,KIMBERLY,Hobbs,khobbs@COMPANY.COM,2020-02-26,Manager,Legal,104125,1024,334 Sergio Centers Suite 425,Freemanview,IA,11906,2001-04-16,ACTIVE
1420,Elizabeth,Ball,elizabeth@ball,2018-03-07,Manager,Analytics,"110,727",1027,9065 Carroll Corners Apt. 463,South Matthew,MH,43156,1967-01-14,Active
1421,Larry,MILLER,,2021-12-13,Marketing Manager,Finance,$69422,1006,406 Teresa Locks Apt. 197,Carrollport,AZ,20511,1992-06-18,inactive
1422,brenda,hernandez,brenda@hernandez,2027-07-20,Marketing Manager,Marketing,"120,467",1011,420 Brian Lodge Apt. 480,Larryside,OK,16571,1985-02-28,ACTIVE
1423,ARIEL,BROWN,abrown@mail.co,2019-09-20,Manager,HR,106776,1019,78330 Albert Brook Suite 323,North Megan,CO,06136,1981-10-10,Terminated
1035,Trevor,Holloway,trevor.holloway@COMPANY.COM,2026-07-26,Software Engineer,Marketing,47050,1022,56775 Mercedes Extensions,Johnsonfurt,CT,71193,1970-08-31,inactive
1425,brent,HAMILTON,,2023-10-29,Product Manager,Legal,59217,1021,03548 Stokes Trail Suite 185,South Karenshire,VA,78867,1989-05-04,Terminated
1426,Deborah,Mendez,dmendez@corp.org,2018-01-19,Manager,Legal,"44,698",1003,9772 Jennifer Drive,North Thomas,SD,20228,1988-10-19,Active
1427,Ryan,LAMB,rlamb@mail.co,2022-12-27,Manager,Operations,99494,1027,9727 Holmes Port Apt. 281,Stevenbury,NY,39788,1966-11-26,active
1428,william,smith,william.smith@company.com,2013-02-08,Product Manager,Operations,"$67,846",1004,8705 Ferguson Groves,Spencerburgh,NY,22919,1967-10-13,Active
1429,Sabrina,Martin,sabrina.martin@mail.co,2016-08-23,Data Engineer,Operations,"$136,055",1002,38094 Reyes Ridges,Carlton,MP,12798,1998-01-10,Inactive
1430,Haley,Leonard,,2023-09-23,Financial Analyst,HR,"124,369",1026,5653 Rebecca Circles,Port Anthonyburgh,CO,59507,1971-10-17,Inactive
1431,richard,Duncan,richardduncan,2011-04-29,Manager,Marketing,"$40,155",1012,2019 Long Lodge Suite 938,East Leslie,FM,28014,1969-12-18,Terminated
1432,Christina,KENNEDY,christina.kennedy@COMPANY.COM,2023-12-03,Director,IT,$129337,1021,17664 Robert Square Apt. 294,North Matthewville,TX,54886,1992-08-11,Inactive
1433,Matthew,hernandez,mhernandez@company.com,2007-08-08,Software Engineer,HR,138255,1016,08543 Victoria Trace Apt. 411,Jenniferview,AZ,89373,1978-01-18,Inactive
1434,AMANDA,WHITAKER,amanda.whitaker@company.com,2021-11-07,Manager,Finance,120699,1015,2618 Goodwin Summit Suite 017,South Kristin,WV,52610,2001-01-05,Inactive
1435,christopher,Wilson,cwilson@company.com,2014-12-28,Product Manager,Analytics,144491,1021,09475 Austin Track Suite 256,New Michele,NV,98460,1984-07-26,Active
1436,Brandon,Jensen,,2015-01-25,Data Engineer,Analytics,$77151,1003,140 Erin Roads Suite 316,Philipburgh,KS,38543,1997-10-31,Active
1437,Anna,HALL,anna.hall@example.net,2024-11-01,Product Manager,IT,52481,1005,2687 Sanchez Islands Suite 563,Port Janice,KY,79830,1985-11-22,Terminated
1438,LINDA,walker,lwalker@mail.co,2025-11-28,Marketing Manager,Operations,"$140,829",,131 Palmer Plains,Mooreport,ND,,1989-05-28,Terminated
1439,dana,VARGAS,danavargas,2007-04-06,HR Specialist,HR,89891,1015,7680 Harvey Rapid,Jodiborough,WY,00542,1999-02-06,inactive
1440,MICHAEL,Evans,mevans@COMPANY.COM,2006-04-23,Software Engineer,Analytics,$49769,1004,615 Leslie Burg Apt. 789,West Joshua,PW,91424,1992-11-01,Terminated
1441,Amy,Williams,awilliams@COMPANY.COM,2023-09-03,HR Specialist,HR,"$115,847",1006,9555 Katie Parkway Suite 298,West Seanstad,NE,32890,2001-05-01,Active
1442,brandi,ortiz,brandi@ortiz,2014-07-02,Product Manager,Marketing,"$77,725",1006,09223 Shannon Stravenue Suite 966,Port Maryport,NE,92320,1979-06-10,active
1443,Andrea,AUSTIN,andrea.austin@example.net,2018-12-09,Data Analyst,Finance,"$111,689",1004,92562 Michael Drive,North Donaldstad,NC,42445,1966-05-11,Active
1444,Mitchell,NELSON,mnelson@corp.org,2016-04-04,Director,HR,51673,1015,33309 James Branch Suite 441,Lake Katherinefurt,PR,87947,2003-08-08,Terminated
1445,Jeffery,HURST,jefferyhurst,2018-05-29,Product Manager,Analytics,$110775,1015,346 Michael Estate,Sarahchester,CA,04611,2003-01-20,Active
1446,Ryan,boyer,ryanboyer,2012-04-05,Director,HR,$91917,1007,7720 Johnson Walk Suite 425,Lake Christopherfurt,OK,27873,1974-06-17,inactive
1447,Vanessa,lyons,vanessa@lyons,2017-11-27,DevOps Engineer,Legal,139597,1014,6597 Glenn Vista,Martinezfort,UT,09314,1984-11-29,Inactive
1448,JULIE,Johnson,julie.johnson@corp.org,2025-03-31,Data Analyst,IT,"97,886",1023,78630 Tina Mills Apt. 690,South Katrina,IA,76980,2003-11-13,active
1449,ROSE,Schultz,rschultz@COMPANY.COM,2022-10-16,DevOps Engineer,Operations,118021,1001,082 Cheryl Highway,Lisaborough,MN,50194,1988-11-03,Terminated
1450,JORGE,reyes,jreyes@mail.co,2019-12-10,Software Engineer,Marketing,"123,428",1002,409 Powers Forks,Lake Doris,MO,30159,1981-08-25,Active
1451,gabrielle,WALLACE,gwallace@COMPANY.COM,2023-11-19,Director,Marketing,"$49,884",1012,150 Rosales Hollow,Haileyland,VT,13323,1998-08-06,Terminated
1452,Terrence,Washington,,2020-09-03,Marketing Manager,HR,42138,1007,399 Bradley Port,Ariasfort,SD,31406,1999-06-08,ACTIVE
1453,Jamie,Miller,jmiller@mail.co,2013-07-30,Data Analyst,Analytics,95014,1004,894 Jason Row,Carpenterport,KS,14004,1988-03-25,Active
1454,ANDREW,Mccarty,andrew.mccarty@COMPANY.COM,2006-12-27,Data Engineer,Operations,"37,974",1003,660 Garcia Wall,Smithchester,KY,22268,2003-07-05,Inactive
1455,chelsea,Carlson,chelsea.carlson@COMPANY.COM,2024-05-09,Software Engineer,Legal,$140118,1012,3012 Ashley Points Suite 581,New Taylormouth,NH,77800,1985-12-21,inactive
1456,Jeanne,Phillips,jeannephillips,2023-09-01,HR Specialist,Analytics,"138,450",1021,445 Gary Streets Suite 325,North Nicole,NJ,54245,1977-05-01,active
1457,KATHERINE,JONES,kjones@mail.co,2021-10-01,Manager,Analytics,$145012,1002,52371 Amy Well,New Sandra,SD,65867,1982-02-18,active
1458,austin,Kelley,austin.kelley@corp.org,2027-03-07,Financial Analyst,Finance,$105761,1015,8031 Hansen Pass Apt. 469,New Ianmouth,GA,00855,1987-10-05,inactive
1459,William,WILLIAMS,,2017-09-25,Data Engineer,HR,"119,835",1016,07027 Nancy Field Suite 251,East Timothybury,CT,39068,1980-03-18,Inactive
1460,Christina,Torres,christina@torres,2011-10-22,Software Engineer,Analytics,123867,1019,9172 Lauren Mills,Manningland,AS,49264,1990-08-19,ACTIVE
1327,KRISTOPHER,BEAN,kristopher.bean@corp.org,2014-08-10,Software Engineer,IT,"$105,570",1003,96023 Robert Lane Suite 738,Cameronview,CA,45610,2003-11-21,Terminated
1462,rodney,Lewis,rodney.lewis@example.net,2024-03-24,Marketing Manager,HR,"85,608",1007,032 Amanda Parkways Suite 093,Stephenville,AK,97336,1972-07-04,Active
1463,Samuel,Martinez,smartinez@example.net,2017-10-16,Manager,Legal,"$130,420",1028,7427 Miller Plain Suite 820,Port Derek,OK,01241,2001-08-13,Terminated
1464,James,walker,jwalker@mail.co,2019-01-12,Data Analyst,IT,"88,668",1003,505 Jeffrey Unions,New Sandraberg,DE,10683,2004-12-21,Inactive
1465,James,Arroyo,jarroyo@company.com,2010-06-18,Product Manager,HR,"$99,762",1005,1350 Teresa Spurs,West Renee,AS,91746,1982-08-18,active
1002,Rebecca,Davidson,rdavidson@COMPANY.COM,2017-03-21,Director,IT,"50,644",1021,5838 David Viaduct,Lake Amy,ID,41973,1970-03-09,Inactive
1467,Edward,Jacobs,ejacobs@company.com,2019-09-12,Data Engineer,Operations,110400,1019,991 Williams Village Apt. 888,Jenniferburgh,MP,79556,1977-10-29,ACTIVE
1468,hayden,Snyder,hsnyder@corp.org,2009-08-18,Financial Analyst,IT,"72,992",1029,1750 Ashley Grove Apt. 630,Port Jeremyville,MO,97195,1966-05-25,inactive
1469,JOSHUA,Collins,joshua@collins,2025-04-27,HR Specialist,Operations,"126,483",1021,60671 Nancy Burg,Liberg,VA,63743,1988-05-09,Active
1470,Lydia,Perez,lydia.perez@corp.org,2023-12-22,Data Analyst,Analytics,$55257,1005,17575 Roger Center Apt. 655,Samuelland,IL,36707,2003-12-30,active
1471,kristen,Morales,kristen.morales@example.net,2013-06-09,Data Analyst,Legal,52200,1017,7435 Emily Burgs Suite 169,Richardsonberg,TN,70510,1995-08-30,Inactive
1472,Robert,MOORE,robert.moore@corp.org,2013-08-21,Data Analyst,Analytics,$51870,1015,80576 Walsh Key Suite 834,Angelastad,MA,42034,1999-01-22,Terminated
1473,patricia,stewart,pstewart@company.com,2021-04-02,Marketing Manager,IT,60736,1003,06680 Stephens Center,Port Anthony,MP,27816,1982-04-19,Active
1474,Seth,hoover,seth.hoover@company.com,2012-01-16,Product Manager,Analytics,$112018,1004,02378 Angela Crossroad Suite 893,West Megan,DC,88012,2005-01-19,active
1475,ERIK,CLAYTON,erikclayton,2026-09-13,Data Analyst,Legal,110777,1009,900 Chen Avenue,South Jermaine,NC,75754,1989-12-27,inactive
1476,jessica,CLAY,jessica@clay,2010-01-20,Financial Analyst,Operations,$112251,1029,530 Michelle Turnpike Apt. 747,East John,NH,,1992-04-04,Inactive
1477,Chelsea,moore,chelsea.moore@corp.org,2022-08-17,DevOps Engineer,IT,$103121,1013,0376 Kimberly Burgs,West Brandonhaven,GA,55554,1990-03-19,Inactive
1478,Tammy,Adams,,2009-04-30,HR Specialist,Operations,"$145,243",1002,89127 Caldwell Extensions Suite 869,New Erin,OR,93308,2001-08-31,active
1479,Nicole,Rios,nicole.rios@COMPANY.COM,2006-04-14,DevOps Engineer,Operations,"$48,785",1007,483 Hanna Shoal Suite 580,Guerrerohaven,WA,78787,1991-09-14,Inactive
1480,jeanne,HARMON,jharmon@company.com,2016-09-30,Director,HR,"$61,248",1013,2511 John Hill,Port Michelle,MH,52430,1976-10-29,Active
1481,Gerald,Lin,glin@corp.org,2025-06-03,Product Manager,Finance,"98,508",1025,1104 Tyler Road,Deannaton,TX,26867,1970-09-22,active
1482,peter,hays,peter.hays@company.com,2020-08-03,DevOps Engineer,Operations,$38506,1016,72403 Duran Island Suite 854,Port Douglasshire,WV,63016,1998-07-12,Inactive
1483,Tammy,Sanchez,tsanchez@COMPANY.COM,2021-06-05,DevOps Engineer,Finance,"101,164",1020,2200 Anderson Plains,East Danielle,NE,76953,1981-09-29,inactive
1484,richard,Moore,rmoore@example.net,2010-07-12,Marketing Manager,Finance,95248,1025,9747 Laurie Orchard Apt. 168,West Drew,KY,10237,1985-09-28,Active
1485,NICOLE,Doyle,ndoyle@example.net,2017-08-27,Data Analyst,Marketing,"$123,476",1029,41280 Joseph Meadows Apt. 580,South Alexis,FL,11823,1977-08-06,Terminated
1486,Christina,Griffin,christina@griffin,2019-12-07,Product Manager,Operations,"81,237",1018,72073 Jennifer Mills Apt. 497,Mooreview,NE,31176,1975-12-10,ACTIVE
1487,joseph,Green,joseph.green@example.net,2013-12-28,Marketing Manager,HR,"$81,840",1012,390 Marissa Square,Randystad,FM,00571,1992-12-18,ACTIVE
1488,whitney,Hicks,whicks@company.com,2017-01-04,Manager,IT,"105,571",1010,40674 Nunez Course,South Jessicaland,MO,63861,1965-08-06,Active
1489,Alexis,hood,ahood@corp.org,2015-03-10,Product Manager,Finance,77260,1029,8393 Zachary Estates,North Harry,IL,70250,2004-01-16,Inactive
1490,AMY,Henry,ahenry@corp.org,2016-01-04,Director,Finance,118288,1017,4356 Chelsea Island,Lake Felicia,CA,91230,2006-03-02,inactive
1491,clayton,atkinson,catkinson@mail.co,2007-02-18,HR Specialist,IT,"$109,242",1019,3617 Charles Street Apt. 143,Cochranburgh,MP,38576,1974-12-03,Inactive
1492,Patricia,RODRIGUEZ,prodriguez@example.net,2022-02-14,HR Specialist,Marketing,"$102,550",1010,50775 Henderson Stream Suite 223,South Stevenfurt,MS,81049,1982-06-03,Terminated
1493,Chad,PORTER,cporter@example.net,2010-07-17,Data Engineer,Legal,"$115,533",,89043 Jasmine Motorway,Loganstad,ME,14246,2000-12-27,inactive
1494,James,Logan,jlogan@example.net,2021-09-07,Data Analyst,Operations,"$61,680",1015,2071 Caitlin Islands Apt. 805,Smithland,PR,68458,1995-06-16,ACTIVE
1495,LAUREN,AYERS,lauren.ayers@company.com,2012-01-14,HR Specialist,Finance,"$98,620",1020,86904 Ramos Valleys Suite 619,Port Eric,AL,13355,1979-02-18,Inactive
1496,DANIEL,baker,daniel.baker@example.net,2026-09-27,Software Engineer,Legal,"46,000",1001,78644 Deleon Spur,Port Bretthaven,OH,27011,1975-11-02,inactive
1497,james,Watson,james.watson@COMPANY.COM,2014-01-01,Data Analyst,Marketing,131269,1029,743 Stone Ramp Suite 693,Wilsonmouth,WA,33245,2002-12-18,inactive
1498,LISA,dorsey,ldorsey@corp.org,2014-03-02,Product Manager,Operations,$86111,1017,5194 Rivera Ramp,New Cheyenne,MT,17413,2004-12-06,Inactive
1499,michelle,Macdonald,mmacdonald@mail.co,2018-11-06,Data Analyst,HR,"$106,531",1009,0884 Rachel River Suite 885,Patrickport,VA,18674,1991-11-25,Inactive
1500,Timothy,shaffer,timothy.shaffer@mail.co,2017-06-18,Software Engineer,Operations,$138389,1005,7316 Walker Drives Suite 464,Samanthachester,MH,33168,1967-06-22,ACTIVE
1501,HANNAH,Garner,hannah.garner@example.net,2008-09-27,Marketing Manager,HR,74438,1012,550 Pruitt Port,Rogerbury,MT,60186,1987-04-01,active
1502,Angela,kirk,angela.kirk@corp.org,2010-10-09,DevOps Engineer,Finance,"$131,592",1015,8969 Michelle Light,Melanieville,NJ,65629,1985-08-23,ACTIVE
1503,joseph,Haynes,,2011-10-30,Data Engineer,Operations,"$77,830",1027,46014 Noah Overpass,Martinland,SC,85259,1996-05-24,Terminated
1027,Anthony,NELSON,anelson@corp.org,2016-09-13,Product Manager,IT,$49526,1015,2868 King Pines,North Sarahmouth,TX,94175,1978-10-04,active
1505,Wayne,Baker,wbaker@example.net,2020-02-05,Manager,HR,"57,738",1025,50057 Williams Canyon,New Courtney,MT,57443,1986-07-11,ACTIVE
1506,PAUL,li,,2025-03-01,Product Manager,Operations,64977,1029,755 Amanda Spring Suite 645,Johnsonmouth,DE,25384,1975-06-21,Inactive
1507,JOSEPH,hernandez,joseph.hernandez@corp.org,2007-11-13,Product Manager,IT,"$36,850",1013,658 Baldwin Falls Apt. 656,Brianshire,LA,05299,1978-03-05,Inactive
1508,Shannon,Mitchell,smitchell@example.net,2024-11-25,Manager,Finance,$147241,1007,286 Drew Trail,Lake Sherimouth,IA,35699,1971-12-20,inactive
1509,CHRISTOPHER,silva,csilva@corp.org,2019-03-18,Director,Marketing,$94110,1007,2297 Steven Fort,Marvinberg,AL,70968,1980-01-24,ACTIVE
1510,Daniel,WILLIAMS,daniel@williams,2015-12-05,Product Manager,HR,44575,1016,11645 Scott Flat Suite 166,West Timothy,GU,06321,1978-05-20,inactive
1511,aaron,hickman,,2020-03-20,Marketing Manager,HR,"86,733",1012,50541 Rodriguez Divide Suite 683,Larrymouth,UT,17151,1999-07-26,active
1512,John,Johnson,john.johnson@COMPANY.COM,2013-09-13,Financial Analyst,Operations,"$104,523",1009,1392 Janice Loop Suite 557,Lake Robertoview,MD,58063,1979-08-31,active
1513,Mary,Martinez,mmartinez@corp.org,2017-02-12,Product Manager,Legal,"134,819",1016,615 Murphy Meadow Suite 795,Brookstown,FL,98014,1974-10-21,inactive
1514,Michael,valdez,michael.valdez@COMPANY.COM,2007-04-08,Software Engineer,Analytics,59004,1016,450 Mcneil Shore,Lake Debra,MT,10055,1976-02-28,Inactive
1515,Kristina,Casey,kcasey@example.net,2008-10-03,Data Analyst,Legal,$129340,1029,5190 Carter Bypass,Port Coreyside,OK,73912,1971-02-04,Active
1516,Adam,BAKER,adam.baker@mail.co,2013-09-03,Data Engineer,Legal,$109814,1027,78755 West Center,Allisonfurt,VI,36625,1972-01-14,Inactive
1517,nicole,White,nicolewhite,2010-01-04,Financial Analyst,Analytics,38784,1004,3397 Mcdonald Forest,Stevenborough,MI,97137,2003-03-01,Inactive
1518,kenneth,Ramos,,2022-07-24,Product Manager,Analytics,62704,1009,1481 Gina Ranch,New Davidmouth,PR,,1982-11-12,Terminated
1519,Melinda,Friedman,melinda.friedman@COMPANY.COM,2023-01-01,Marketing Manager,IT,$37688,1018,61616 Nicholas Loaf,Edwardsbury,NY,60141,1999-07-06,active
1520,Christopher,Carpenter,christopher.carpenter@mail.co,2019-09-25,Financial Analyst,Operations,"47,597",1021,58266 Christopher Pike Apt. 436,Kaitlyntown,CA,85703,1973-09-29,inactive
1521,Crystal,Moore,crystal.moore@mail.co,2013-01-16,Marketing Manager,Operations,90838,1009,037 Spencer Throughway,West John,VA,28519,1969-01-25,Active
1522,Stefanie,allen,sallen@corp.org,2019-04-04,Marketing Manager,IT,"$140,060",1021,5441 Daniel Hill Suite 573,Smithfurt,VI,84578,1998-05-31,ACTIVE
1523,daniel,lane,daniellane,2011-05-13,Data Engineer,Finance,89135,1027,64906 Nelson Rest,Tammytown,MA,79970,1995-03-29,Inactive
1524,dawn,guzman,dawn.guzman@example.net,2019-01-10,Manager,Legal,86505,1009,00517 Evans Roads,Bryanton,MN,82821,2001-12-16,Active
1525,Matthew,Wade,matthew.wade@COMPANY.COM,2024-01-08,Manager,IT,"132,914",1024,8882 Flores Ville Suite 318,Kristaborough,AZ,47860,1971-12-27,Terminated
1526,Becky,Chang,,2018-03-27,Product Manager,Operations,"98,795",,3879 Aaron Parks,West Mary,LA,56072,2003-02-16,inactive
1527,amy,FERNANDEZ,amy.fernandez@COMPANY.COM,2007-04-29,Director,IT,141950,1023,71720 Howard Green Suite 906,Laraton,NE,36603,1992-05-15,Terminated
1528,PAUL,mays,pmays@corp.org,2023-03-14,Manager,Finance,90296,1021,1566 Ashley Turnpike Suite 647,Estesville,ME,53672,1976-11-27,Active
1529,DESIREE,WEST,desiree@west,2023-04-12,Software Engineer,HR,36032,1016,925 Brandon Corners Apt. 265,East Kayla,OH,56444,1966-05-23,Terminated
1530,Michael,andrade,mandrade@example.net,2016-11-30,DevOps Engineer,Marketing,"$112,468",1016,355 Neal Union Suite 143,South Alexandraview,WA,34509,1966-07-21,active
1531,Randy,Washington,rwashington@company.com,2019-03-10,Product Manager,Operations,"$80,451",1011,113 Bradley Well,Johnsonberg,NH,45006,1969-03-01,Terminated
1532,KENNETH,White,,2013-10-20,DevOps Engineer,Analytics,"$73,455",1016,87642 Hamilton Road,Ramirezbury,MS,87813,1976-08-10,Inactive
1533,ANDREW,PITTS,,2010-06-29,Data Analyst,Operations,$98293,1026,42551 Espinoza Union Apt. 755,Arnoldburgh,NM,07619,1973-06-18,active
1534,HAILEY,BAILEY,hailey.bailey@mail.co,2022-07-25,Software Engineer,HR,"69,184",1014,1011 Hood Forges,East Caitlyn,SD,40741,1975-03-08,Terminated
1535,casey,HERRING,caseyherring,2022-03-17,DevOps Engineer,HR,"79,606",1002,611 Calvin Ville,Anastad,TX,79565,1966-07-02,Active
1536,laura,jenkins,ljenkins@example.net,2012-06-10,Data Analyst,IT,137452,1028,4169 Curtis Wells Suite 298,Johnsonbury,MH,09861,1970-11-03,inactive
1537,Melissa,Mcfarland,mmcfarland@mail.co,2011-02-15,Data Analyst,Analytics,"119,815",1028,450 Daniel Ford,Port Williamview,PA,62378,1992-06-26,ACTIVE
1538,Anthony,Blair,anthonyblair,2013-08-12,Data Analyst,HR,"$83,815",1014,9357 Hughes Extension Apt. 009,East Jeremy,OR,,1992-03-23,ACTIVE
1539,Ian,Johnson,ijohnson@example.net,2025-11-28,Data Engineer,Legal,"124,417",1017,3924 Luke Rue,Robinsonshire,AL,16016,1980-05-18,Active
1540,Jeremy,Lopez,jlopez@COMPANY.COM,2018-06-06,Software Engineer,Finance,134508,1017,6110 Joyce Land Apt. 301,Langberg,VT,74845,1980-11-05,Terminated
1541,Christopher,Smith,,2011-06-03,Data Engineer,Legal,"74,888",1021,6458 Edwards Mountains Apt. 741,East James,RI,77558,1973-07-15,ACTIVE
1296,ELIZABETH,Walker,elizabeth@walker,2025-12-09,Director,HR,46046,1005,2299 Andrew Meadow,West Kenneth,KS,01405,2004-03-31,inactive
1543,JOSE,thomas,jose@thomas,2011-07-08,Data Engineer,HR,$134227,1005,352 Samuel Corner,Jessicashire,AS,79030,1975-05-29,Active
1273,xavier,Wallace,,2021-10-16,Financial Analyst,IT,41256,1024,9882 Selena Manors Suite 173,Lake Kristashire,GA,48218,1971-10-23,Inactive
1545,CAROLINE,Lozano,clozano@corp.org,2007-12-31,Product Manager,Operations,"$53,346",1008,33197 Robin Flat Suite 540,Kyleton,NM,49557,1965-08-27,inactive
1546,andrea,SULLIVAN,asullivan@example.net,2015-12-18,Data Analyst,IT,"$43,151",1007,741 Hahn Junction Suite 155,North Stevenstad,RI,56875,2003-04-11,active
1547,David,Vazquez,dvazquez@mail.co,2012-12-17,Marketing Manager,Finance,"$125,310",1017,2294 Ingram Circles Apt. 400,Antonioberg,AZ,71471,1996-08-16,Terminated
1548,lynn,NUNEZ,lnunez@example.net,2021-12-26,Software Engineer,Operations,"55,557",1005,5446 Taylor Tunnel,Lake Kristinport,HI,68272,1982-09-07,Active
1549,angela,Dorsey,adorsey@corp.org,2019-03-10,HR Specialist,HR,98691,1019,0973 Mallory Groves,North Amberport,OH,12837,2001-11-03,active
1550,DAVID,BRADLEY,david.bradley@example.net,2015-01-31,Data Analyst,Marketing,80698,,08205 April Vista,Lawrencemouth,AZ,98501,1984-08-28,Active
1551,TONY,TERRY,tony@terry,2016-07-10,DevOps Engineer,Operations,$93861,1029,8579 Alexander Forge Suite 752,Markstad,KY,77488,1969-01-24,Terminated
1552,Amanda,newman,amanda@newman,2023-10-14,Data Analyst,Legal,56707,1014,2477 Johnson Forges Suite 947,Baldwinfurt,NC,26569,1967-11-21,inactive
1553,SHERI,gray,sherigray,2017-01-23,DevOps Engineer,Marketing,37446,1021,61946 Romero Inlet,Powellshire,MI,73531,1979-06-08,Terminated
1554,Pamela,clark,pamela@clark,2018-03-27,Marketing Manager,Marketing,"$40,896",,674 Lindsey Flats,Sandrachester,SC,39467,1982-09-13,Active
1555,mark,lopez,marklopez,2012-05-18,HR Specialist,Analytics,"58,942",,302 Hawkins Glens,South Jerome,VA,87258,1983-02-15,Active
1556,tina,taylor,ttaylor@corp.org,2023-07-20,Data Analyst,HR,"$53,672",1002,60873 Natasha Loop Suite 335,Petersonfort,IL,04653,1992-04-14,ACTIVE
1557,WANDA,Young,wanda@young,2008-07-04,Data Analyst,HR,"42,947",1002,84218 Heather Plain,South Kimberlymouth,IN,17695,1982-10-27,Inactive
1558,anthony,Coffey,,2012-08-29,Data Analyst,Analytics,$135005,,8166 Schwartz Causeway Suite 034,South Tommy,WV,29213,1966-06-30,ACTIVE
1559,Brittany,ROJAS,brittany@rojas,2014-08-04,Data Engineer,Finance,40477,1017,04066 Jones Heights Suite 101,Snyderberg,MP,49670,2004-12-07,Inactive
1560,Jon,Miranda,jmiranda@mail.co,2012-12-07,Marketing Manager,HR,$145420,1006,,South Bryan,NC,65969,2002-04-14,inactive
1561,Susan,fitzgerald,,2014-09-05,HR Specialist,Finance,"62,636",1018,23061 Cortez Court Suite 409,West Robertfort,PA,32612,1967-03-31,Terminated
1562,Alexis,Rios,arios@COMPANY.COM,2012-09-11,Product Manager,HR,$37080,1023,78715 Becker Parkways,Farmerton,OR,46589,1992-05-17,Terminated
1563,Jennifer,Lopez,jennifer.lopez@mail.co,2025-12-25,Data Analyst,Marketing,"$39,056",,,West Jessica,MT,44594,1993-09-08,Terminated
1564,dylan,flores,dflores@example.net,2015-04-30,Director,Finance,$36227,1020,762 Rhodes Mission Suite 858,South Fernando,OK,86438,1991-02-01,Terminated
1297,Christopher,CARROLL,ccarroll@COMPANY.COM,2013-12-20,Financial Analyst,IT,"$71,799",1007,839 Klein Trace,Port Bethany,IA,50337,1989-03-29,Terminated
1566,David,Wilson,davidwilson,2016-12-18,Product Manager,Operations,$124441,1027,69034 Robert Greens Apt. 965,Mclaughlinport,AK,56126,1979-10-14,Active
1567,Joseph,SHEPHERD,,2021-10-27,Data Engineer,Marketing,"$68,150",1019,892 David Viaduct Apt. 492,Phillipside,AS,76981,1968-11-11,Active
1568,Kaylee,Lawrence,,2025-11-04,DevOps Engineer,Finance,82378,1002,8539 Megan Row Suite 217,Williamsmouth,NV,98763,1984-04-03,Terminated
1569,Kelly,brown,kelly.brown@mail.co,2017-06-22,Director,Operations,90550,1015,25716 Williams Route,Stokesland,WI,67117,1994-02-22,active
1570,wendy,Freeman,wendy.freeman@corp.org,2021-09-24,Data Analyst,Finance,"66,242",1021,96602 Caitlin Hollow,Ayalaland,PR,36254,1975-01-23,Active
1571,vickie,Mccall,vickie.mccall@mail.co,2017-12-17,Data Analyst,IT,"$39,370",1003,980 Jackson Valley,Goodmouth,AL,07163,1986-03-19,ACTIVE
1572,Robert,Munoz,robert.munoz@company.com,2020-10-03,Software Engineer,Marketing,"41,842",1002,9089 Fuller Corner,Port Eric,ME,64771,1986-07-13,Inactive
1573,matthew,Crosby,mcrosby@example.net,2025-06-09,Marketing Manager,Marketing,116163,1028,43621 Miller Locks Suite 836,Kimberlyshire,PW,82713,1968-12-28,ACTIVE
1574,brendan,thomas,,2018-02-02,Data Analyst,Marketing,$138470,,4593 Lopez Cliff,Richardland,LA,74687,1984-08-15,inactive
1575,EDDIE,SANTIAGO,eddie.santiago@company.com,2010-08-25,Manager,HR,"$111,614",1016,90729 Diane Landing Apt. 887,Robinsonmouth,MI,67555,1977-09-09,inactive
1576,Brandon,Weber,bweber@mail.co,2010-03-10,HR Specialist,HR,$36059,1029,9294 Villarreal Square Suite 926,Tinamouth,HI,12698,1968-06-22,Active
1577,CYNTHIA,PERKINS,cperkins@company.com,2022-09-19,Director,Operations,"$97,354",1002,60690 Helen Rue Apt. 635,Lake Bryan,CT,92158,1985-11-11,inactive
1578,JOHN,mcfarland,john.mcfarland@example.net,2023-08-08,DevOps Engineer,Analytics,$35484,1011,095 Lauren Overpass,Kimshire,SC,45856,1996-12-14,Terminated
1579,Russell,BATES,russell.bates@example.net,2013-05-19,Software Engineer,HR,36296,1024,9744 Mcneil Gateway,Longmouth,OH,46954,1994-05-04,ACTIVE
1580,Rhonda,castillo,rhonda.castillo@company.com,2011-07-31,Director,HR,$57825,1007,587 Hobbs Spurs Suite 852,East Valerie,LA,75740,1982-07-25,ACTIVE
1581,Dominique,figueroa,dominiquefigueroa,2019-08-01,Marketing Manager,Operations,138207,1006,3471 Kennedy Hills Apt. 203,Mitchellfurt,IL,22738,2001-02-28,ACTIVE
1582,Michael,orr,michael.orr@company.com,2006-11-20,Manager,Legal,$59856,1026,9401 Eric Fords Apt. 182,South Alexanderburgh,SD,98040,1992-01-04,inactive
1583,GLORIA,Gordon,ggordon@COMPANY.COM,2014-10-07,Director,IT,"117,504",1021,7114 Wolfe Isle,Cunninghamview,VI,60702,1999-07-14,active
1584,joseph,BOOTH,jbooth@mail.co,2018-07-08,Data Engineer,HR,"$100,350",1007,81232 Tyler Plaza Apt. 224,Danielview,MT,83105,1993-01-23,active
1585,Hannah,stevens,hannah.stevens@COMPANY.COM,2017-09-06,Director,Finance,$148137,1023,148 Holly Trafficway,South Linda,VT,15276,1966-10-22,Inactive
1586,robert,ALLEN,rallen@company.com,2013-08-16,DevOps Engineer,Marketing,$81081,1006,0451 Mandy Run Suite 579,West Rachelfort,MD,40569,1987-03-13,inactive
1587,Timothy,Hernandez,thernandez@corp.org,2019-05-22,Software Engineer,Analytics,$92892,1015,567 Smith Spurs,Kimtown,NJ,72868,1965-11-11,ACTIVE
1588,eric,Foster,eric.foster@COMPANY.COM,2016-10-07,Data Analyst,IT,82216,1027,9791 Teresa Ports,Jimenezmouth,MS,91817,1999-12-25,inactive
1589,Curtis,ROSE,curtis.rose@mail.co,2009-11-06,Data Engineer,HR,"36,118",1010,51014 Carol Underpass Suite 743,South Timothy,HI,00718,1971-11-09,ACTIVE
1590,destiny,Mckenzie,destiny.mckenzie@mail.co,2017-08-14,Marketing Manager,Analytics,$64743,1013,5889 Emily Landing,New Ryanshire,HI,91940,1988-02-09,Inactive
1591,johnathan,Levine,jlevine@COMPANY.COM,2022-11-24,Marketing Manager,Analytics,"$92,498",1015,2973 Powell Crossroad Apt. 898,New Saraburgh,NH,00877,1996-01-07,inactive
1592,Jill,Lynch,jlynch@COMPANY.COM,2012-11-26,Marketing Manager,Operations,"$133,648",1010,17351 Robinson Tunnel,Millerside,IN,,1999-10-05,Terminated
1593,BETH,George,,2020-01-18,Product Manager,Marketing,"$148,632",,1893 David Ports,North Dylan,TX,25745,1981-04-11,Inactive
1594,Barbara,Rush,barbara.rush@company.com,2012-07-25,Data Analyst,Operations,$107470,1007,78721 Michael Pike Suite 495,Jessicahaven,SC,70815,1971-12-08,Active
1595,Laura,Kennedy,laura.kennedy@COMPANY.COM,2009-01-30,HR Specialist,Operations,103733,,7855 Murray Point Suite 081,Gomezmouth,MH,92957,2005-07-27,Inactive
1596,lance,JACKSON,ljackson@mail.co,2016-09-07,DevOps Engineer,Operations,"$44,012",1028,06699 Nicholson Park Suite 455,East Jimmy,MT,13398,1987-05-01,active
1597,Samuel,BOONE,,2022-11-19,DevOps Engineer,HR,61437,1023,070 Molina Courts Suite 437,West Julieside,NE,89181,1995-10-18,active
1598,Hannah,Neal,hannahneal,2019-08-16,Data Analyst,HR,"$119,711",1008,8306 Jasmine Walks Apt. 999,Port Jennifer,PW,65836,1987-11-08,ACTIVE
1599,Donna,OLSON,,2009-11-08,Marketing Manager,Finance,$85418,1020,944 Spears Way,New Jessicabury,NM,93101,1996-06-29,Terminated
1600,Jesse,evans,jevans@COMPANY.COM,2007-06-16,Marketing Manager,Legal,107459,1008,548 Oconnor Inlet Apt. 327,West Jamesside,KS,70149,1974-08-16,ACTIVE
1601,CASSANDRA,tapia,cassandra.tapia@example.net,2022-10-27,Data Analyst,Operations,"$126,027",1011,713 Amy Tunnel,South Samuel,MP,43785,1985-02-22,Inactive
1602,DONNA,Richardson,drichardson@example.net,2008-05-23,DevOps Engineer,IT,$45819,1002,,Lake Garrett,PA,50309,1985-12-11,Terminated
1603,john,WOODWARD,john.woodward@corp.org,2006-05-27,Data Engineer,Operations,$86229,1027,06864 Olson Estates,Salasport,AL,18513,1990-10-09,Active
1604,AMANDA,Rowland,,2027-01-21,Data Analyst,Finance,"125,485",1012,6476 Walker Hills Apt. 599,Lake Davidside,DE,57147,1980-01-02,Inactive
1605,amy,hammond,amy.hammond@example.net,2027-05-08,Software Engineer,HR,$142548,1008,022 Patton Shoal Apt. 249,Lake Jenniferland,NM,77999,1977-01-27,Terminated
1606,CONNOR,gutierrez,connorgutierrez,2017-05-31,Financial Analyst,HR,$108669,1026,72083 Tammy Bypass,North Joshuatown,IA,34356,1999-07-08,inactive
1607,James,HILL,jhill@company.com,2022-05-16,Financial Analyst,IT,$86011,1004,6754 Elizabeth Circles Apt. 649,Lake Kristinbury,NV,38528,1969-02-17,Inactive
1608,CHARLES,Richardson,charles@richardson,2020-09-09,Data Analyst,Operations,$105278,1020,093 Holly Ways,South Jonathanstad,KS,29835,1981-11-15,ACTIVE
1609,SARAH,Harper,,2018-08-15,Financial Analyst,Legal,"$122,342",1023,4093 Flynn Burgs,Lake Allenhaven,VA,98771,1993-09-09,Active
1610,wendy,JOHNSON,wendyjohnson,2024-11-15,HR Specialist,Analytics,"$131,719",1013,7488 Taylor Roads Apt. 717,Danielfurt,CO,40208,1973-08-23,active
1611,carlos,MCCONNELL,cmcconnell@mail.co,2011-03-31,Financial Analyst,Analytics,"71,454",1010,43102 Beltran Hill Apt. 125,Ellisonstad,NC,57135,1976-03-01,Terminated
1612,Charles,Harris,charles.harris@COMPANY.COM,2027-06-15,Data Engineer,IT,$122163,1010,7703 Jo Row Apt. 412,West Julie,PW,78546,1986-04-19,Terminated
1613,jason,romero,jason.romero@example.net,2019-10-21,Director,IT,$118147,1017,05997 Jason Plaza,Sandovalbury,NH,44333,1966-12-05,active
1614,donald,Conner,dconner@example.net,2025-07-25,Manager,Operations,$60891,1026,026 Fischer Flats,Port Johnmouth,NV,08131,1976-12-31,Inactive
1615,Danielle,young,dyoung@corp.org,2020-11-05,Marketing Manager,Analytics,"$96,697",1015,38449 Martin Plain,East Jason,MT,08050,2004-12-28,Inactive
1616,Susan,Dixon,sdixon@company.com,2018-02-01,Product Manager,Marketing,$55027,1027,419 Ashlee Village,Laurenport,MH,75862,2002-06-20,ACTIVE
1617,SAMUEL,Graham,samuel.graham@COMPANY.COM,2012-02-08,Director,IT,"36,682",1018,587 Robert Cape,Lake Matthew,IL,20730,1982-11-01,Inactive
1618,timothy,Williams,timothy.williams@company.com,2018-06-22,Marketing Manager,Marketing,$56281,1024,85998 Sanford Brook Suite 160,Lake Michael,ID,16828,2002-11-01,Inactive
1619,Corey,jarvis,cjarvis@example.net,2014-10-20,Director,Analytics,97616,1012,062 Chandler Locks Suite 982,Mcintyreborough,AS,52935,1991-05-30,ACTIVE
1620,VANESSA,Ramirez,,2017-09-20,Manager,IT,50300,1021,5707 Casey Square Apt. 623,North Markbury,VI,44367,1972-04-26,Terminated
1621,Katherine,WILSON,kwilson@example.net,2008-07-01,HR Specialist,Marketing,"$104,887",1029,459 Mueller Streets Suite 271,Sawyerside,AK,47734,1992-05-17,inactive
1622,Matthew,BLEVINS,matthewblevins,2011-11-05,Marketing Manager,Operations,75383,1024,3050 Vazquez Crossroad,Stevenshire,OK,67101,1976-09-04,active
1623,Yesenia,SANTIAGO,ysantiago@COMPANY.COM,2026-06-27,Manager,Operations,$52607,1014,757 Jesse Brooks,Clineburgh,CO,76222,1990-10-07,Inactive
1624,EDWARD,BROOKS,ebrooks@corp.org,2006-04-11,DevOps Engineer,Operations,116844,1027,718 Susan Ways,South Theresaview,FM,88151,1988-05-11,Terminated
1625,MARK,Parker,markparker,2010-12-02,Software Engineer,IT,69875,1009,161 Pacheco Brooks Apt. 299,West Randalltown,WY,63576,1990-04-06,Terminated
1626,Mark,Mccarty,mmccarty@example.net,2007-03-12,Product Manager,Finance,"79,112",1017,912 Holden Summit Suite 294,Port Wendy,MH,88031,2004-01-10,Terminated
1627,george,Davis,george.davis@corp.org,2020-05-18,Software Engineer,Finance,"$149,103",1012,642 Andrew Valleys Suite 972,North Jeff,VT,80075,1978-03-05,Terminated
1628,JACOB,Stokes,,2006-08-20,DevOps Engineer,Marketing,$89149,,622 Jane Estate,South Samanthamouth,WI,11929,1971-08-13,Active
1629,Lawrence,Lucas,lawrence@lucas,2020-03-15,Marketing Manager,Operations,115293,1001,6934 Matthew Port Suite 071,North Alan,KS,65066,1988-04-19,ACTIVE
1630,Donald,Harris,donald.harris@mail.co,2015-07-18,Manager,Legal,103164,1022,10266 Alexander Orchard,Lake Natalieview,TN,17827,1984-09-08,active
1631,Kathleen,johnson,,2022-08-24,Director,Analytics,$62740,1018,994 Jeff Island,East James,FL,20122,1985-10-14,Terminated
1632,Gregory,Williams,gregory@williams,2012-11-30,DevOps Engineer,Operations,$51134,1001,9729 Theresa Forge Suite 673,New Hannah,OK,89656,1979-07-09,inactive
1633,lucas,Wise,,2017-01-20,Marketing Manager,Operations,"$119,161",1011,66625 Kathy Curve Apt. 134,South Sara,IA,59226,1974-03-09,active
1634,JAVIER,gilbert,jgilbert@mail.co,2015-09-26,Manager,Legal,"$76,074",1003,978 Beth Field,Mosston,KY,09476,1992-03-29,inactive
1635,Brandi,Bush,,2023-01-11,Product Manager,Marketing,64116,1007,18309 Ellen Tunnel Apt. 939,Dianaport,WY,16076,1991-02-20,Inactive
1485,Phillip,ESTRADA,pestrada@mail.co,2022-12-22,Manager,Operations,122208,1010,89671 Holly Lake,Lake Antonio,ME,90825,1967-11-11,inactive
1637,Stacey,CRANE,scrane@example.net,2016-04-08,Marketing Manager,IT,"141,195",1009,33352 Velez Union,Jadestad,PR,86024,1994-02-16,active
1638,MELINDA,Taylor,mtaylor@example.net,2007-10-21,Manager,IT,"$106,819",1026,4745 Elizabeth Skyway,Edwardsborough,MH,56458,1976-03-06,ACTIVE
1639,Harry,Jensen,,2011-03-27,Marketing Manager,IT,"52,157",1013,4597 Anderson Turnpike,Justinton,WV,31038,1970-11-25,inactive
1640,JOEL,Hale,jhale@example.net,2009-07-16,Manager,Analytics,$63591,1010,8950 Charles Key,South Jacobfurt,MI,15263,2004-06-05,Terminated
1641,PETER,Michael,petermichael,2024-07-03,Software Engineer,IT,"$81,607",1004,1346 Colleen Manors,North Nancy,WV,27167,1986-10-03,active
1642,Bryan,RILEY,bryan.riley@company.com,2014-12-28,Director,Finance,"99,045",1011,952 Love Stream,East Davidbury,SD,49266,1970-08-03,Terminated
1643,frederick,Pruitt,fpruitt@example.net,2010-02-20,DevOps Engineer,HR,36520,1025,3397 Chloe Branch Apt. 255,West Jessica,PR,61510,1974-12-23,Active
1644,Joshua,Jimenez,joshuajimenez,2016-03-02,Marketing Manager,Finance,"$119,488",1017,505 May Squares,South Jamesview,RI,53485,1979-12-13,ACTIVE
1645,tonya,Coffey,,2010-05-18,DevOps Engineer,IT,103013,1028,9559 Amy Hills Suite 314,North Ashleyland,AL,92308,1983-06-28,active
1646,Peter,Evans,peter.evans@company.com,2023-11-13,Manager,Marketing,$62030,1020,54804 Wright Fords Apt. 390,Lake Taylor,WV,,1974-12-17,Active
1647,Jesse,GORDON,jessegordon,2018-03-26,Director,HR,"41,051",,221 Jessica Brooks,East Patriciaborough,CA,96797,1996-11-21,Terminated
1648,Travis,MEDINA,travismedina,2021-12-03,Director,IT,$59651,1011,3318 Martin Springs Apt. 503,Port Christina,KY,78475,1982-04-11,ACTIVE
1649,SARAH,Mendoza,sarah@mendoza,2014-04-06,HR Specialist,Finance,$120166,1018,913 Chavez Forks,Johnbury,VT,41676,1999-09-10,Inactive
1650,Kaitlyn,HERNANDEZ,,2016-08-19,Data Engineer,Marketing,"$56,501",1023,5527 Amber Overpass Apt. 956,East Gregory,AK,73160,1990-11-19,active
1651,vanessa,Wood,vwood@company.com,2011-05-06,Data Analyst,HR,"78,714",1020,088 Amy Rest,South Katherinetown,CO,35904,1975-02-02,active
1652,Mary,huffman,mary.huffman@company.com,2021-09-15,Data Engineer,Operations,"149,755",,03110 Thomas Summit Suite 603,Tammychester,NH,20484,1992-09-13,inactive
1653,Randall,garcia,randall.garcia@company.com,2025-09-20,Financial Analyst,Legal,$86060,1023,130 Christopher Mall,Leeshire,ME,86609,1991-07-02,ACTIVE
1654,Joseph,COLEMAN,joseph.coleman@corp.org,2010-11-10,Data Engineer,Operations,$55380,1018,218 Mason Cliffs Suite 733,Rosarioborough,NY,57912,1969-12-19,active
1655,MICHAEL,Frazier,michael.frazier@example.net,2010-03-15,DevOps Engineer,HR,"$139,656",1024,020 Nichole Knoll Suite 985,Leonardfort,WI,23235,2002-03-09,inactive
1656,Jackie,wilson,jwilson@corp.org,2008-04-21,Financial Analyst,Legal,46814,1023,09579 Miller Rapids Suite 733,Lake Jonathanfort,OR,61428,1987-05-03,Active
1657,Jeffrey,sosa,,2019-04-02,Manager,Finance,100248,1002,123 Mary Forest,New Stephen,MO,18223,1967-03-19,Inactive
1200,John,SCOTT,,2026-01-21,Software Engineer,Marketing,$93805,1023,5274 Christopher Estate Apt. 230,New Craigport,VI,99448,1989-05-16,Terminated
1659,Susan,fisher,sfisher@example.net,2013-01-22,Marketing Manager,Analytics,83927,1006,6750 Roy Cape Apt. 294,Hartside,WY,84938,1986-03-07,ACTIVE
1660,Tasha,Edwards,tasha.edwards@corp.org,2023-07-16,Software Engineer,Operations,"$117,729",1025,7326 Guzman Creek,Lake Johnbury,GA,66659,1970-03-30,active
1661,Dalton,Bernard,dbernard@company.com,2023-12-02,Software Engineer,Marketing,"95,339",1017,42813 Linda Gateway,Ashleyshire,MI,72498,1993-02-18,ACTIVE
1662,tammy,KANE,tammy.kane@example.net,2026-10-24,DevOps Engineer,IT,"55,398",1001,7910 Justin Brook Suite 318,Callahanfort,NE,48761,1972-10-24,active
1663,gary,Rogers,gary.rogers@example.net,2008-08-12,Manager,HR,"$132,922",1029,575 Kirsten Camp,Rhondashire,KY,04368,1972-03-17,Active
1664,Charles,Curry,charles.curry@company.com,2017-11-28,Director,Finance,"122,194",1007,3678 Bonnie Port Suite 528,Michaelville,LA,45872,1976-11-01,Active
1665,Karen,Walker,karen.walker@COMPANY.COM,2022-11-09,Data Analyst,Legal,$37772,1023,84225 Pearson Port Suite 432,Powelltown,NJ,44467,1971-06-14,active
1666,autumn,Richardson,arichardson@example.net,2028-03-17,HR Specialist,Finance,"$45,828",1022,229 Wagner Trace Suite 664,New Amandahaven,RI,86544,1998-04-01,active
1667,ADAM,Smith,asmith@COMPANY.COM,2007-01-03,Data Analyst,Operations,$130742,1009,03886 Rogers Drives,New Edwardton,NC,85309,1976-02-01,active
1668,Andrew,BARKER,abarker@COMPANY.COM,2010-10-07,Software Engineer,Marketing,61167,1008,15928 Keith Forks Suite 933,Louisbury,UT,50173,1975-01-03,Active
1669,paul,Woods,pwoods@company.com,2007-03-08,Data Analyst,HR,"82,654",1008,11056 Thomas Squares,Lake Jacqueline,MT,13315,1993-02-16,ACTIVE
1670,Steve,BRAY,sbray@corp.org,2018-06-20,HR Specialist,Marketing,"$48,207",1006,830 Jessica Ford,Seanport,DC,79495,2005-06-26,active
1671,RICHARD,Jenkins,richard@jenkins,2017-09-30,Product Manager,Marketing,"114,261",1004,0711 Joseph Hollow Apt. 088,Scottborough,FM,,1974-06-12,active
1672,katherine,warren,katherinewarren,2017-05-23,Director,Operations,93427,1029,9827 Johnson Valleys,Sanchezbury,ME,93304,1998-09-17,Active
1673,CHRISTOPHER,jones,christopher.jones@COMPANY.COM,2015-03-29,Marketing Manager,Marketing,"128,271",1016,2993 Laura Roads Suite 974,Lewisbury,ND,27187,1972-12-22,inactive
1674,Steven,Oneill,stevenoneill,2022-06-07,Manager,Marketing,$70933,1023,68224 Herring Valleys,New Rickytown,IN,98459,1971-09-25,ACTIVE
1675,Blake,mendoza,bmendoza@COMPANY.COM,2016-04-05,Data Engineer,Finance,"$108,727",1023,90167 Carr Mall Suite 797,Lake Matthewtown,VA,92757,1991-09-24,Inactive
1676,jessica,Wilson,,2009-12-16,Data Engineer,HR,$74768,,479 Laurie Walk Apt. 116,Christinaburgh,NH,64660,1998-04-10,ACTIVE
1677,BRIAN,Lee,blee@COMPANY.COM,2018-10-29,Software Engineer,Operations,$67637,1002,45129 Bernard Drive,West Crystalfurt,MP,90089,1996-03-12,inactive
1678,Richard,FOWLER,richard@fowler,2025-10-22,Financial Analyst,IT,117045,1012,4406 Paul Parkway,West Paul,VT,55260,1991-08-29,ACTIVE
1679,linda,Bryant,,2016-10-03,Product Manager,Marketing,"$62,021",1001,4171 Taylor Brooks,Port Rebecca,MH,65399,1980-09-21,active
1680,RITA,Green,rita.green@corp.org,2014-02-28,DevOps Engineer,IT,$100006,1028,51046 Perry Pine,Cooperside,WI,45774,1993-12-11,Inactive
1681,Cynthia,ryan,cynthia.ryan@corp.org,2024-01-31,Manager,Legal,$86668,1016,86075 Boone Mews Apt. 661,West Shelley,GU,78829,1985-11-29,Active
1682,JENNIFER,coffey,jennifer.coffey@mail.co,2016-02-19,Marketing Manager,Finance,37715,1021,157 Sharon Roads,Crawfordton,NE,75864,1989-01-26,Active
1683,PHILLIP,medina,phillip.medina@company.com,2023-05-29,Data Engineer,Operations,"142,250",,378 Haynes Ramp,Jonesland,LA,67077,1980-07-13,Terminated
1684,Jacqueline,Arnold,jacqueline.arnold@COMPANY.COM,2013-07-13,Software Engineer,Marketing,"125,707",1029,19755 Brian Island Suite 328,North Andrea,AL,34468,2005-01-29,Terminated
1685,Brenda,LYNCH,brenda.lynch@company.com,2026-06-01,Software Engineer,Analytics,"$90,985",1010,008 Ann Vista Suite 350,West Ethanmouth,WA,92586,1986-04-24,active
1686,misty,Perkins,misty.perkins@COMPANY.COM,2013-06-30,Director,IT,"71,937",1022,5185 Garcia Crossing Apt. 130,Watersfurt,GA,14213,1968-09-20,Active
1687,BENJAMIN,Krueger,bkrueger@mail.co,2015-10-25,Product Manager,Analytics,"$124,054",1003,13925 Perez Turnpike Suite 847,West Davidshire,HI,16094,1975-06-29,active
1688,Kristopher,Medina,kristophermedina,2010-02-01,Software Engineer,Legal,$54482,1010,943 Tanya Mount Suite 234,Roberthaven,LA,43214,1980-10-19,ACTIVE
1689,Lisa,Weber,lisa.weber@COMPANY.COM,2009-12-05,Financial Analyst,Analytics,"$58,838",1016,936 Hawkins Ferry,Port Crystal,WV,24460,1983-04-16,ACTIVE
1690,EDWARD,MOLINA,emolina@example.net,2014-05-02,Data Engineer,Finance,"$105,614",1014,339 Scott Junctions,Laurenborough,CO,54556,1984-07-11,inactive
1691,ROBERT,ray,rray@COMPANY.COM,2022-07-11,Software Engineer,Analytics,146489,1023,53053 Allison Vista,Mollyton,SC,88431,1983-03-13,ACTIVE
1692,MICHAEL,Williams,michael.williams@example.net,2021-02-22,Data Engineer,Finance,$66784,1002,750 Brenda Springs Suite 659,Nicoleton,IN,28203,2002-06-19,active
1693,Molly,Rodriguez,mollyrodriguez,2014-03-21,Product Manager,IT,$97498,1023,531 Flores Run,West Matthewport,HI,55410,1973-04-08,Active
1694,MICHAEL,MCCORMICK,michaelmccormick,2016-10-16,Data Engineer,Operations,"$74,257",1001,664 Deborah Pines,Markport,MT,09032,1978-01-05,Inactive
1695,marisa,DELGADO,marisa.delgado@mail.co,2012-10-21,Software Engineer,Finance,"$144,141",1001,385 Joseph Crossroad,Johnport,TX,77762,1977-04-23,Terminated
1696,ANGELA,Higgins,ahiggins@COMPANY.COM,2015-03-30,Data Analyst,Marketing,$84487,1009,176 Kimberly Mission,Eatonland,MO,44131,1967-06-10,Terminated
1697,donald,Evans,devans@example.net,2024-12-19,Marketing Manager,Legal,$84868,1006,6567 Owens Divide Apt. 021,South Stephanieton,NH,08475,1992-07-30,Active
1698,Valerie,henry,vhenry@COMPANY.COM,2019-05-25,Manager,Marketing,48954,1004,60896 Margaret Drive,Port Sheliamouth,WI,96130,1985-06-05,active
1699,BRIAN,Williamson,,2015-05-06,Software Engineer,Marketing,"$138,576",1018,98651 Lisa Dale Suite 209,Lisashire,NJ,49371,1975-06-23,Active
1700,JOSE,Pitts,jose@pitts,2025-08-17,Manager,Operations,123432,1012,55440 Kevin Village,North Andrew,MD,94432,1969-11-26,ACTIVE
1701,Randy,Phillips,randy.phillips@mail.co,2006-11-19,HR Specialist,Analytics,"$54,862",1026,90273 Moore Walk,New Michaelville,DE,33181,1998-11-23,Active
1702,MELINDA,WHITNEY,,2010-04-30,Product Manager,Operations,"103,588",1029,7902 Michael Terrace Suite 171,West Devonmouth,PA,85596,1995-11-24,Inactive
1703,James,WILSON,,2018-03-04,Data Analyst,Analytics,"$109,304",1028,3706 Graham Street Suite 659,East Diana,NV,09408,1970-10-07,Active
1704,april,Quinn,aquinn@company.com,2016-10-27,Financial Analyst,Analytics,$73745,1018,07973 Karen Locks,Hansenshire,VA,73954,1969-04-23,Active
1705,Riley,Martin,rileymartin,2018-08-13,Data Analyst,Marketing,98997,1006,69918 Thomas Knolls,Lake Gina,CO,78734,1988-06-27,ACTIVE
1706,Christopher,Rivas,christopher@rivas,2018-05-12,Data Engineer,Finance,69449,1022,53387 Heather Mills Suite 500,Lake Logan,NE,70718,1965-09-05,inactive
1707,joshua,Webb,joshua.webb@example.net,2013-01-15,Product Manager,Finance,146913,1023,802 Rios Mews,Farleyhaven,VT,,2004-06-25,active
1708,Dana,yoder,dana.yoder@company.com,2024-10-10,Data Analyst,Finance,"$135,691",1015,4279 Brittany Isle Apt. 770,Darlenetown,NJ,04062,1973-08-25,active
1709,Diane,ferguson,dferguson@corp.org,2010-08-02,Software Engineer,Marketing,"$55,413",1020,11762 Anthony Bypass,North Jose,IL,62760,1985-09-25,active
1710,Carolyn,Greene,carolyn.greene@example.net,2010-05-02,Software Engineer,Analytics,148773,,920 David Park Apt. 701,Port Angelaburgh,IA,41751,1985-07-30,Terminated
1711,Jacob,Luna,jacobluna,2014-10-14,HR Specialist,Analytics,143861,1005,456 Lauren Burg Suite 314,Jenniferberg,IL,14013,1972-08-13,Active
1712,Amy,Rojas,,2011-01-18,Manager,Operations,"92,250",1010,40322 Holmes Drive,North Georgeshire,IA,62967,1988-08-05,Terminated
1713,DENNIS,Li,dennis.li@corp.org,2011-02-25,Manager,Finance,"$54,331",1029,05685 Martin Loop,South Ericaville,MO,88539,1966-07-17,ACTIVE
1714,MICHAEL,Pruitt,michael.pruitt@mail.co,2018-12-02,Software Engineer,Analytics,$132741,1017,89057 Martin Track,Greeneburgh,GU,42096,1981-01-27,Inactive
1715,zachary,Patrick,zachary.patrick@corp.org,2010-04-21,HR Specialist,HR,100809,1007,25907 Martha Key Apt. 585,West Jasmine,CA,20674,1968-04-23,Terminated
1716,Laura,wong,lwong@COMPANY.COM,2012-05-31,Marketing Manager,HR,$58186,1012,55801 Eric Port,Bestbury,MN,07326,1985-05-12,inactive
1717,manuel,scott,manuel.scott@company.com,2012-06-29,Software Engineer,Marketing,88907,1022,45900 Meyer Center,Port Jacob,PR,88219,1996-06-01,Inactive
1718,amy,Diaz,amy.diaz@example.net,2014-12-16,Director,Legal,"$94,589",1021,481 Fowler Flats,Oliverburgh,UT,48371,1991-04-28,Active
1719,Jason,williams,jason.williams@corp.org,2025-12-25,Data Engineer,HR,"70,076",1026,372 Katrina Turnpike,North Martin,WY,17408,2002-11-05,ACTIVE
1720,caitlyn,thompson,caitlyn.thompson@company.com,2025-01-24,Financial Analyst,Legal,"142,047",1008,,South Stevenmouth,VA,69863,1981-09-16,ACTIVE
1721,Stephanie,conway,sconway@mail.co,2010-01-23,Manager,Operations,$86172,1018,0071 Amanda Freeway Suite 912,East Jasonhaven,WI,22173,1991-12-09,Inactive
1722,benjamin,Evans,benjaminevans,2007-09-07,Financial Analyst,Analytics,47223,1004,4889 Powell Causeway,New Dakota,CA,06129,1980-03-23,Active
1723,brian,Mora,,2016-09-07,Manager,Finance,"118,160",1001,929 Christine Fall,Kylestad,SD,68129,1983-11-22,active
1724,Jerome,Griffin,jgriffin@company.com,2013-09-28,Data Analyst,Analytics,117239,1018,50088 Fisher Ferry,Candiceside,MD,50825,1988-07-16,Terminated
1725,Richard,PRICE,richard.price@company.com,2024-11-10,DevOps Engineer,Legal,$82369,1020,5021 Garner Burgs,Katiebury,MI,39437,1986-03-02,Inactive
1726,Christine,Zamora,christine@zamora,2020-02-10,Manager,Analytics,74158,1016,49236 Jordan Court Apt. 484,Toddbury,VT,20894,1996-12-17,active
1727,Sarah,booker,,2009-04-15,HR Specialist,IT,60276,1004,3091 Franco Vista Apt. 008,Thomasville,TX,96631,1979-08-05,inactive
1539,Grace,FOSTER,grace.foster@COMPANY.COM,2009-03-02,Manager,HR,"$70,870",1012,1170 Kathleen Throughway,North Robert,VI,26257,1983-11-27,active
1729,Lee,Lee,llee@COMPANY.COM,2025-03-29,Manager,Analytics,"125,053",1010,40457 Scott Lock Suite 635,Alexandriaside,PW,05005,1991-01-24,Inactive
1730,Dominique,Johnson,djohnson@example.net,2009-08-27,Product Manager,Operations,"70,608",1006,0623 Kimberly Shoals,Claytonburgh,SD,98053,1979-03-08,inactive
1731,maria,Walker,maria.walker@COMPANY.COM,2012-10-30,Data Engineer,HR,"$111,922",1012,32818 Kelly Row,Lake Courtneyland,VI,81705,1982-12-18,ACTIVE
1732,TABITHA,Macias,tabitha.macias@example.net,2017-01-15,Financial Analyst,Analytics,$44521,1017,7895 Herrera Centers,New Robertstad,WY,86412,2002-06-19,Terminated
1733,Angela,MCKAY,angela@mckay,2017-06-01,Director,Marketing,"$43,681",1001,003 Julie Forge Apt. 357,North Andrewfurt,HI,,1984-08-08,ACTIVE
1734,pamela,Foley,pfoley@example.net,2007-08-27,Financial Analyst,Analytics,60837,1009,126 Little Groves,Port Michael,MA,12027,1974-02-21,Inactive
1735,Eric,REED,eric.reed@mail.co,2026-01-04,HR Specialist,IT,119366,1004,49435 Ross Branch Suite 109,Sharifurt,SC,60181,1967-12-24,Inactive
1736,Jennifer,garner,jgarner@company.com,2025-11-26,Data Analyst,Legal,"$140,187",1029,767 Ballard Common,Connieberg,MD,73863,1976-09-20,Terminated
1737,jesse,Foster,jesse@foster,2016-02-25,DevOps Engineer,Legal,119029,1003,690 Church Street Apt. 147,Mendozaport,IL,28730,1997-08-21,ACTIVE
1738,Kimberly,Rodriguez,kimberly.rodriguez@COMPANY.COM,2023-12-18,Data Analyst,Analytics,"129,910",1027,,South Christinaland,TX,39619,1981-06-07,inactive
1739,michael,Knight,mknight@company.com,2020-07-04,Financial Analyst,Operations,"$115,314",1009,309 Alisha Park,Henrybury,HI,23843,2002-07-17,ACTIVE
1740,Katherine,Holmes,,2013-09-16,Director,Marketing,"$97,642",1004,399 David Villages Apt. 688,Port Melissa,OK,73855,1991-05-30,ACTIVE
1741,Jon,POWELL,jonpowell,2020-07-20,Data Analyst,Finance,$42899,1009,8632 Jeff Camp Suite 662,East Ericshire,TX,86123,1995-11-21,Active
1742,Brandon,Vega,brandonvega,2022-10-28,Data Engineer,IT,$52047,1016,3922 Coleman Fields Apt. 361,Amyside,DE,50697,1990-08-19,ACTIVE
1743,Cody,Bowman,cody@bowman,2015-11-09,Product Manager,Operations,$48377,1007,23288 Robert Tunnel Apt. 593,South Richardhaven,MA,97651,1974-08-11,Inactive
1744,Courtney,Roach,croach@corp.org,2019-12-14,Data Analyst,Marketing,"46,018",1029,0527 Robert Flats Suite 361,Bowmanport,NJ,83683,1965-05-27,Inactive
1745,nathan,rose,nathan@rose,2019-07-30,Director,HR,"$59,831",1011,80327 Evans Mountain Suite 778,Kimhaven,UT,93884,1968-10-18,active
1746,MARY,macias,mary.macias@COMPANY.COM,2023-02-06,Software Engineer,IT,"110,396",1014,85114 Kyle Cove,Sierramouth,KS,55505,1966-05-23,active
1747,Andrew,powell,,2016-02-13,HR Specialist,Finance,$61962,1020,022 Watson Lock,New Kyle,GU,92965,1967-02-18,active
1748,Stephanie,Johnson,stephanie.johnson@COMPANY.COM,2019-07-03,Financial Analyst,Operations,$44103,1024,,Michelehaven,CA,15955,1974-10-14,active
1749,ANNA,Morris,anna.morris@company.com,2013-02-17,Software Engineer,Marketing,"$81,156",1022,3372 Coleman Junction,Port Jenniferchester,NJ,88998,1990-06-13,inactive
1262,Melinda,HARPER,melindaharper,2023-03-30,Manager,Legal,47308,,,Sanderschester,MT,95649,1986-08-26,ACTIVE
1751,James,Miller,jmiller@corp.org,2010-07-01,Software Engineer,Legal,"81,219",1012,6404 Katelyn Neck Suite 403,Port Christinaton,FM,97205,1983-06-18,Terminated
1752,douglas,Meadows,,2020-12-22,Software Engineer,Analytics,$88781,1028,0781 Vazquez Fords,Port Brittanystad,GU,07012,1967-12-04,Terminated
1753,Anthony,Hall,anthonyhall,2025-06-27,Director,Finance,118720,,46374 Jones Mountains Apt. 641,South Rachel,NY,82603,1976-04-24,ACTIVE
1754,DONNA,Salazar,dsalazar@corp.org,2011-08-13,Marketing Manager,Marketing,"89,695",1015,525 Charles Lock,Port Kristin,MS,83559,1971-05-31,ACTIVE
1755,Ryan,Thomas,ryan.thomas@corp.org,2013-07-27,Software Engineer,Finance,$124853,1027,02545 Armstrong Valleys,East Lisahaven,CO,96585,1994-05-17,Inactive
1756,Jeffrey,archer,jeffrey.archer@corp.org,2012-11-01,DevOps Engineer,IT,"63,485",1018,85858 Perez Points Apt. 757,South Samuelport,IA,11541,1981-03-19,inactive
1757,sarah,Santos,ssantos@COMPANY.COM,2023-10-17,HR Specialist,Legal,$147592,,305 Hernandez Fort,Mitchellshire,OK,74371,1965-09-20,Active
1758,JAMES,lawson,jlawson@example.net,2015-12-13,Director,Legal,"$123,932",1014,00341 Rachel Locks,Gibbsbury,MP,39376,1983-08-09,Inactive
1759,Jack,Bowen,jack.bowen@mail.co,2026-01-14,Director,HR,"$52,785",1010,51603 Amber Highway,Jeremytown,NV,02991,2001-12-25,inactive
1760,Valerie,miller,valerie@miller,2026-02-27,Financial Analyst,Marketing,"124,805",1021,671 May Stravenue Suite 006,Pereztown,GU,62417,1991-05-20,Inactive
1761,James,hernandez,james@hernandez,2008-08-23,Director,Marketing,"102,135",1015,,North Christian,AK,78116,1969-07-22,active
1762,Ralph,miller,ralph@miller,2020-05-15,Software Engineer,IT,"42,168",1002,09252 Jimenez Mission Apt. 923,New Amanda,GU,22737,1974-01-26,Terminated
1763,stephanie,mcclure,,2025-07-14,Software Engineer,Operations,$61878,1019,3895 Logan Harbors Suite 091,Joelport,FL,16332,1967-09-12,inactive
1764,Matthew,little,,2018-02-09,Director,IT,43800,1022,1117 Wong Ranch,Lake Jennifer,CA,43632,1969-12-30,active
1765,Teresa,Hamilton,teresa.hamilton@company.com,2014-04-21,HR Specialist,Finance,$98402,1007,24072 Dana Ford Suite 778,New Brianton,AS,70988,2000-07-29,active
1766,robert,Sullivan,robertsullivan,2020-10-21,Manager,Analytics,$142288,1022,6201 Savannah Cliff,Catherinefort,ID,83350,1978-12-03,active
1767,Brittany,Gutierrez,bgutierrez@corp.org,2019-04-29,Marketing Manager,Operations,139838,1016,21724 James Vista,Stephenshire,MS,15490,1989-06-29,Inactive
1768,cynthia,Rodriguez,,2011-01-20,Product Manager,Finance,"40,587",,4121 Bates Union Apt. 887,North Christopherfurt,NM,59631,2004-01-02,active
1769,ANGELA,Winters,awinters@mail.co,2022-05-13,Data Engineer,IT,$57871,1006,33251 Isaiah Causeway Apt. 967,Lake Jeffreyfort,MD,66368,1993-02-04,ACTIVE
1770,Victoria,Vaughn,victoria@vaughn,2018-01-14,Marketing Manager,Finance,$114408,1028,88767 Stein Meadows Apt. 802,Lake Jeff,SD,98917,1976-10-22,inactive
1771,James,Lozano,james.lozano@company.com,2011-01-09,Software Engineer,Legal,$131059,1009,946 Matthew Mountain Suite 138,Herringhaven,TX,34703,2002-05-17,active
1772,DONALD,king,donald@king,2014-03-28,Marketing Manager,IT,"43,116",1016,36587 Norton Pine,North Victorburgh,MD,11813,1988-10-07,Active
1773,MEGAN,Thomas,megan@thomas,2017-05-08,Marketing Manager,Analytics,$118544,1012,433 Torres Gateway,Jessicaland,PA,25313,1993-09-24,active
1774,KELLY,reynolds,kelly.reynolds@mail.co,2006-12-22,Data Analyst,Analytics,$39356,1007,791 Carson Ridge Apt. 314,Tiffanybury,SD,99466,1977-10-02,Active
1775,Leah,ALEXANDER,leah@alexander,2007-10-24,Data Engineer,HR,$81725,1003,792 Wise Falls Suite 104,Laurenstad,NC,15828,2005-08-26,Active
1776,Bobby,rojas,brojas@company.com,2007-04-06,Director,IT,"113,838",1019,36674 Barnes Run Suite 565,Port Nancy,AR,72618,1999-04-15,Active
1777,VINCENT,Webster,,2020-11-23,Director,Legal,"102,863",1009,155 Wilson Spurs,North Danielle,NH,46923,1986-02-02,Inactive
1778,Katelyn,travis,ktravis@company.com,2006-11-12,Marketing Manager,HR,"61,281",1019,442 Jimenez Lakes,Samanthaview,WV,32425,1981-01-14,Active
1779,TONY,Eaton,,2007-05-20,Software Engineer,HR,"$44,275",1025,7822 Parks Island Suite 364,Lake Billymouth,HI,23291,1983-06-18,inactive
1780,beverly,schultz,bschultz@company.com,2013-03-16,Data Engineer,Analytics,"120,240",1016,41956 Garcia Branch,Whiteheadmouth,CO,76396,1998-12-11,Inactive
1781,ALICIA,Valentine,alicia@valentine,2019-05-19,Software Engineer,Finance,"$135,359",1008,,West Angela,MA,05255,1968-07-02,Terminated
1782,Alexis,Allison,aallison@COMPANY.COM,2013-06-16,Marketing Manager,IT,$66217,1004,200 Timothy Square,Port Jacquelinehaven,OR,29423,1976-01-24,Active
1783,jonathan,velazquez,jonathan.velazquez@COMPANY.COM,2013-08-22,Data Analyst,IT,"$51,608",1029,73088 Tran Parkways Suite 191,Port Jamesview,SD,81654,1985-12-03,active
1784,Ana,Wilson,anawilson,2012-04-30,Data Analyst,HR,$106256,1029,9547 Noah Trace,West Tyrone,DC,63922,1978-03-04,Inactive
1785,Janice,Farmer,janice@farmer,2016-03-19,Financial Analyst,Operations,105964,1028,85166 Flynn Valleys,Justinhaven,KS,93282,1998-04-07,Active
1786,RAVEN,WILLIS,,2015-01-03,Director,IT,$83809,1016,496 Lopez Canyon Suite 988,Jerrymouth,WV,72512,1969-01-20,Active
1787,joseph,Hamilton,joseph@hamilton,2013-08-29,HR Specialist,Legal,46074,1015,0075 Ashley Camp Suite 313,West Sabrinaton,UT,49533,1976-05-20,ACTIVE
1788,MATTHEW,HORTON,matthew.horton@example.net,2013-03-21,Marketing Manager,Marketing,"41,849",,907 Clark Prairie Suite 969,Lake Annashire,AZ,48195,1980-12-24,Active
1789,Anita,DAY,aday@company.com,2015-05-04,Product Manager,Finance,"$148,474",,699 Wang Point,Deborahborough,ID,81247,1989-06-17,Terminated
1790,Sabrina,Dyer,,2024-04-25,Product Manager,Legal,"103,014",1018,90281 Richard Meadow,New Davidside,VT,67495,1973-09-08,active
1791,Tyler,estes,tyler@estes,2024-01-20,Financial Analyst,Marketing,86721,1008,67279 Stephen Wells,Julieton,OH,,2003-01-19,inactive
1792,mary,Garrison,mary@garrison,2023-07-28,HR Specialist,Legal,"$58,433",1021,4315 Joseph Row,South Frankshire,HI,46895,1965-09-01,Inactive
1010,William,porter,william.porter@mail.co,2009-01-10,HR Specialist,Marketing,"107,279",1016,998 Bowen Unions Suite 016,Tracyport,ND,22190,1990-09-05,Active
1794,JEAN,ROSS,jeanross,2025-02-17,Director,IT,120799,1009,069 Mooney Burg Suite 194,West Diana,CO,24247,1969-01-31,active
1795,Thomas,Burton,thomas@burton,2009-08-11,Data Engineer,Operations,$40863,1002,840 Clayton Prairie,Cherylstad,MT,80853,1970-10-11,ACTIVE
1796,Jennifer,Garcia,jennifer@garcia,2023-12-03,HR Specialist,Analytics,"38,236",1003,6474 Edwards Canyon Suite 030,North Melissastad,LA,89702,1980-10-19,inactive
1797,James,gonzalez,jgonzalez@COMPANY.COM,2025-03-07,Software Engineer,HR,54669,1021,6115 Monica Forks,North Michelleton,PW,84492,1989-12-15,Active
1798,Linda,MORGAN,lindamorgan,2020-12-28,Manager,Finance,134957,1025,73942 Sylvia Hollow Apt. 475,Daniellechester,ND,32940,1988-10-31,Active
1799,kathryn,johnson,kjohnson@mail.co,2009-09-19,Data Engineer,Marketing,"92,805",1019,3092 Michelle Brooks Suite 911,Johnsonton,SC,78766,1983-04-16,ACTIVE
1800,Allison,OBRIEN,aobrien@example.net,2022-12-14,Data Analyst,Operations,"$66,594",1011,913 Williams Green,Sarahbury,MD,19090,1967-11-08,Terminated
1801,Jessica,SANDERS,jsanders@example.net,2007-08-02,Director,Marketing,$143504,1018,6165 Miller Lakes Apt. 812,North Brandishire,MN,28174,1979-01-19,inactive
1802,Christopher,Holland,christopher.holland@corp.org,2020-09-09,Data Analyst,Finance,$90184,1022,26506 Gallegos Vista Apt. 533,Joshuahaven,ID,87269,1983-06-21,inactive
1803,brian,Armstrong,,2009-03-11,DevOps Engineer,Operations,$48237,1006,40903 Watson Valley Apt. 928,West Tamara,OH,,1972-03-07,Active
1804,Eric,Oliver,eric.oliver@corp.org,2026-10-04,Marketing Manager,Operations,$107999,1005,83622 Walters Place Suite 305,Lake Jamesmouth,AZ,85811,1987-04-20,Terminated
1805,margaret,ferguson,mferguson@corp.org,2020-06-07,Marketing Manager,Operations,"$93,950",1011,61742 Murphy Knoll,South Billyfurt,SC,20114,1989-07-21,ACTIVE
1806,melinda,HAYES,,2020-03-01,Financial Analyst,Operations,"$120,118",1024,933 Miller Motorway,East Jeffreyville,PA,57489,2005-06-10,Inactive
1807,Dana,Jones,dana.jones@corp.org,2008-06-25,Product Manager,Marketing,"$103,838",1009,667 Richards Corner Suite 791,Montgomeryborough,RI,71053,1998-09-16,ACTIVE
1808,THOMAS,Oconnell,toconnell@mail.co,2016-12-30,Product Manager,Marketing,76204,1005,641 Charles Shoals Suite 253,Johnsonport,TN,19071,1972-02-19,ACTIVE
1809,Jennifer,harper,jennifer@harper,2016-10-07,Manager,IT,$62111,1015,299 Boyer Glens Apt. 158,West Jeremymouth,CT,30549,1976-12-23,Active
1810,ashley,Contreras,acontreras@COMPANY.COM,2027-10-21,Product Manager,Finance,"$130,956",1007,,West Jessica,VI,29326,1979-09-16,inactive
1811,Matthew,Haynes,mhaynes@example.net,2007-08-20,Data Analyst,Legal,"52,933",1023,42039 Lane Harbors Apt. 723,Lisaberg,NE,90005,1966-05-26,Terminated
1812,David,COHEN,dcohen@mail.co,2016-05-23,HR Specialist,Finance,117657,1024,23271 Jesse Field Apt. 284,East Larryborough,NV,73216,1985-05-05,Terminated
1813,Jay,HARRIS,,2018-11-20,Software Engineer,Operations,117219,,152 James Creek,Sarashire,CT,04344,1966-09-17,active
1814,Stephanie,FREEMAN,sfreeman@example.net,2023-05-18,Manager,Analytics,118200,1022,47877 Justin Creek Apt. 890,Alexandraview,MD,20417,1971-04-09,inactive
1815,KIMBERLY,GARCIA,kgarcia@company.com,2022-11-20,HR Specialist,Marketing,$84845,,00093 Cassie Freeway Apt. 163,Pamelaburgh,WI,77338,1989-07-15,Terminated
1816,Valerie,Guerrero,valerie@guerrero,2026-02-08,Product Manager,HR,"$106,226",1029,73035 Martin Spur,Sarahfort,OH,44424,1980-09-23,ACTIVE
1817,Michael,Smith,michael@smith,2026-01-23,Data Analyst,Analytics,"95,913",1025,5946 Jackson Lodge,Yateshaven,ND,28872,1991-09-17,Terminated
1818,Alexander,Lopez,alexander.lopez@COMPANY.COM,2018-02-06,HR Specialist,HR,$101517,1025,8311 Brooke Turnpike Suite 491,Paulberg,NE,22361,1971-07-08,Inactive
1819,Patrick,Miller,patrick.miller@corp.org,2016-07-02,HR Specialist,Finance,$130444,1011,1408 Gonzalez Loop Suite 507,East Jason,NJ,37851,1983-03-05,ACTIVE
1820,tammy,Reyes,,2027-07-19,Software Engineer,Operations,"$37,767",1019,622 Kristina Extension,Lake Christopherstad,NY,82806,2002-10-26,Active
1821,IAN,Smith,ian.smith@mail.co,2025-10-24,Manager,Legal,"$105,215",1025,1300 Victor Divide Apt. 284,Spencertown,VT,73014,1985-06-11,Terminated
1822,MICHELLE,contreras,michelle.contreras@company.com,2007-04-18,Data Engineer,IT,"$100,732",1011,149 Martin Lock,East Elizabeth,WI,29657,1969-12-01,Inactive
1823,destiny,Bradley,dbradley@company.com,2024-02-16,Marketing Manager,Analytics,"142,255",,71640 Bradley Harbor Apt. 403,Lukefort,AR,57491,2000-06-19,Active
1824,TARA,anderson,tanderson@mail.co,2022-03-09,Director,Legal,"114,389",1024,75231 Kristen Path,Jenniferport,MA,,1975-01-29,ACTIVE
1825,John,Mccoy,jmccoy@corp.org,2023-05-16,Data Analyst,Analytics,"88,258",1015,2208 Diane Shore Apt. 532,Cannonland,AR,52397,2001-07-27,Inactive
1826,Amanda,Patel,amandapatel,2020-09-15,DevOps Engineer,Analytics,110743,1013,,New Richard,PA,24873,1978-12-28,Inactive
1827,billy,bush,billy.bush@mail.co,2012-08-06,Director,Legal,$99200,1004,56532 Sparks Fields Suite 178,Clarkchester,MD,00821,1985-08-09,Active
1828,pamela,Martinez,pmartinez@corp.org,2010-08-18,HR Specialist,Operations,$79285,1024,825 Daniel Hills,Lake Amy,GA,75839,2002-10-14,Active
1829,Kevin,Jones,kevinjones,2010-05-02,Financial Analyst,Finance,"$127,912",1001,90873 Mark Hollow Apt. 133,New Stephanie,OR,69124,1999-11-14,inactive
1830,AMANDA,williams,,2008-03-18,Data Analyst,Analytics,"$60,869",1004,234 Mark Parks Apt. 366,West Mariahview,MS,44385,1967-04-25,Active
1831,Larry,Phillips,lphillips@company.com,2012-02-28,Data Analyst,Finance,"73,564",1026,15791 Dawn Green Suite 031,Millsside,NH,92178,1992-04-14,inactive
1832,FRANK,Wilson,frank@wilson,2013-06-08,DevOps Engineer,Finance,"62,606",1006,5504 Martinez Squares,South Alexmouth,WI,66623,2005-06-22,Terminated
1833,Veronica,Arnold,veronica.arnold@COMPANY.COM,2009-04-04,DevOps Engineer,IT,"35,734",1017,368 Andrew Meadows Apt. 323,Jessicaburgh,MA,43160,1982-10-07,Terminated
1834,ROBERT,camacho,,2008-09-22,Director,HR,117420,1011,5245 Jones River,East Aliciaville,NY,86336,1972-04-23,active
1835,Ashley,Grant,,2019-05-21,Director,IT,$112678,1019,1966 Brian Crossing,Sanchezville,CT,87181,1981-04-28,Active
1836,Jessica,Walker,,2017-07-05,HR Specialist,Legal,"$131,634",1004,10025 Turner Vista,West Douglas,MI,17470,1983-05-02,active
1837,JENNIFER,MARTINEZ,jennifer.martinez@example.net,2017-08-08,Financial Analyst,IT,$41840,1003,4944 Patel Viaduct Apt. 700,East Christina,OK,69190,2000-08-31,inactive
1838,Steven,King,steven@king,2023-12-21,Financial Analyst,HR,"144,923",1010,308 Eric River Suite 731,New Tiffany,MD,75295,2001-11-12,inactive
1839,MADELINE,Davis,mdavis@mail.co,2020-08-23,DevOps Engineer,Operations,"138,411",1006,4293 Margaret Well,Nicholasburgh,NY,96000,1999-03-10,Terminated
1840,Robert,Mccormick,robert.mccormick@example.net,2018-02-25,Product Manager,Marketing,$149857,1006,,Edwardville,MH,30369,2001-06-28,Inactive
1841,brian,Walsh,brian.walsh@corp.org,2011-08-12,Financial Analyst,HR,100902,1007,24375 Snyder Village,Foxchester,MO,83195,1986-04-01,inactive
1842,Tanner,Boyd,tannerboyd,2009-05-08,DevOps Engineer,Marketing,"$117,868",1013,56597 David Trail Suite 283,South Carolview,NY,49178,1995-10-18,Inactive
1843,robert,JENKINS,robert.jenkins@COMPANY.COM,2020-04-11,Data Analyst,Finance,144322,1018,321 Vanessa Camp Suite 434,South Kelly,FL,28167,1979-03-26,Active
1844,MARK,stephens,mark@stephens,2015-10-08,Manager,Marketing,"129,651",1028,36029 Lindsey Lock Suite 218,North Jessicaton,GA,22315,1995-02-19,inactive
1700,DANIELLE,Stephenson,danielle.stephenson@company.com,2017-11-30,DevOps Engineer,IT,$71113,1022,974 Christopher Freeway Apt. 165,Port Timothymouth,MP,76286,1968-04-17,Terminated
1846,Nicole,kerr,nkerr@corp.org,2015-07-30,Product Manager,Legal,126264,1027,582 Roberson Fort Apt. 820,Ericborough,TX,47868,1988-06-06,inactive
1847,julie,OCONNOR,julie.oconnor@company.com,2008-03-16,Financial Analyst,Finance,$45652,1006,11122 Sarah Creek Suite 945,West Cheryl,VA,67989,1983-07-19,ACTIVE
1848,Sarah,morales,sarah@morales,2018-06-02,Manager,HR,"53,405",1007,8156 Contreras Pass,Maryfurt,AS,59065,1994-12-13,Inactive
1849,Ronald,Johnson,rjohnson@company.com,2020-04-07,Financial Analyst,Marketing,"82,659",1006,904 Cooley Mission,Alexchester,VI,15742,1976-02-18,Terminated
1850,Richard,HANSON,richardhanson,2017-01-10,Marketing Manager,HR,"119,673",1006,462 Taylor Parkway Suite 560,East Michelle,MI,28978,2002-06-14,active
1851,JAMES,Bush,jbush@COMPANY.COM,2020-02-19,HR Specialist,IT,$50112,1024,1729 Reese Summit Apt. 406,North Cameron,FM,36750,1984-11-30,Inactive
1852,Christopher,cunningham,christopher.cunningham@corp.org,2014-06-02,Manager,Finance,"97,324",1013,88482 Lawson Cliffs Apt. 452,New Samantha,WI,58274,2002-12-29,ACTIVE
1853,michael,Lam,mlam@mail.co,2007-01-03,Product Manager,Marketing,"$126,029",1010,10858 Torres Burgs Suite 983,Bowenmouth,MO,04103,2003-09-11,Terminated
1854,Barbara,Roach,barbara.roach@company.com,2019-06-12,Data Engineer,IT,"$90,179",1012,55612 Caldwell Plaza,New Petermouth,MD,48648,1986-10-22,ACTIVE
1855,KELLY,WILLIAMS,kelly@williams,2013-02-26,Software Engineer,IT,$75537,,88783 Barrett Orchard Suite 759,Cuevaston,WI,83327,2005-11-26,ACTIVE
1856,Jessica,Mata,jessica.mata@company.com,2021-09-22,Director,Legal,"$61,649",,25480 Ortiz Avenue Suite 469,Lake Jessica,GU,49783,1995-02-04,Active
1857,Lindsay,gates,,2008-12-30,Marketing Manager,Operations,"$62,851",1025,65914 Crystal Ports,West Alexandriabury,TX,22105,1986-09-22,Terminated
1858,THOMAS,Gentry,tgentry@corp.org,2011-07-23,Marketing Manager,Marketing,86622,1004,72948 Anthony Mill,North Katie,VI,63062,2003-02-01,ACTIVE
1859,BECKY,Rodriguez,brodriguez@corp.org,2013-04-12,Data Engineer,Legal,"$35,208",1008,033 Harold Underpass Apt. 977,West Peggy,NE,54416,2004-06-17,Active
1860,Hannah,BROWN,hannah.brown@example.net,2017-07-09,HR Specialist,HR,"$85,700",1007,756 Jennifer Brook Suite 252,North Rodneyville,MN,03138,1993-10-31,Active
1861,Eric,lucero,,2008-08-15,Data Analyst,Operations,"$148,045",1013,406 Gibson Drives Apt. 268,West Michael,VI,09999,1980-10-02,Active
1862,Alyssa,Mills,amills@company.com,2014-12-03,Marketing Manager,HR,132263,1022,013 Wayne Meadows,South Vanessa,KY,37215,1971-07-14,inactive
1863,Terry,bell,tbell@COMPANY.COM,2014-12-21,Data Engineer,Legal,85262,1025,59526 Howe Shore Apt. 683,Crawfordmouth,TX,80869,1982-10-06,active
1745,Theodore,gomez,tgomez@example.net,2020-05-10,Software Engineer,IT,"$148,756",1027,581 Acosta Isle Apt. 205,Jackiechester,MA,14827,1994-02-24,Inactive
1865,lori,Bailey,lbailey@COMPANY.COM,2006-07-18,Financial Analyst,Finance,"$37,296",1009,0069 Smith Villages,Ferrellbury,NC,46964,1986-12-04,ACTIVE
1866,STEPHEN,nelson,stephen.nelson@mail.co,2026-08-09,Manager,Operations,"$53,958",1002,8658 Carroll Village Suite 164,Carriefurt,OR,58924,1996-09-06,Inactive
1867,Austin,curry,acurry@company.com,2018-12-25,Financial Analyst,IT,54234,1020,5881 Davis River Suite 980,North Jeremyburgh,NM,38452,1976-04-26,Inactive
1868,rebecca,WALTER,,2025-01-28,Data Analyst,Legal,91811,1021,2741 Hill Spring,North Emilyfurt,CO,14104,1998-06-09,active
1869,daniel,Johnson,djohnson@mail.co,2008-07-16,Director,Legal,"92,271",1018,955 Hayden Green Apt. 417,West Martin,FL,09308,1993-10-13,Terminated
1870,Stacey,Jordan,sjordan@company.com,2022-12-08,Director,IT,"$137,504",1002,078 Stokes Ramp,Rebeccahaven,CT,75967,2000-06-03,Terminated
1871,eric,Flynn,eric.flynn@COMPANY.COM,2021-11-05,Product Manager,HR,"$130,441",1021,0628 Aaron Spring,West Annaside,DC,77355,1973-07-29,inactive
1872,Debbie,Baldwin,dbaldwin@corp.org,2024-12-25,Manager,Finance,"$146,982",1016,5862 George Ports Suite 456,Hallfort,WA,,1986-07-22,active
1873,jason,Williams,jwilliams@mail.co,2016-10-29,Data Analyst,Analytics,"133,043",1013,113 Patrick Road,South Jenniferchester,TN,03792,1996-03-14,ACTIVE
1874,Julie,Robles,julie.robles@example.net,2016-06-01,HR Specialist,Marketing,"$132,524",1001,125 Boyer Corners,North Sherri,UT,65755,1991-05-28,active
1875,ALEXANDRA,taylor,ataylor@mail.co,2009-03-09,Manager,Legal,"$55,855",1028,1783 Danielle Garden Apt. 273,Ryanview,NJ,14635,1981-03-22,inactive
1876,carrie,Ramirez,,2021-04-20,Marketing Manager,Analytics,"$147,598",1020,84887 Dunn Wall Apt. 470,East Suzanne,HI,63408,1972-08-15,Inactive
1877,Brenda,rodriguez,brodriguez@mail.co,2013-10-12,DevOps Engineer,Operations,57579,1006,4461 Nash Mountains Apt. 327,Duranton,FL,46119,2002-11-21,Inactive
1878,KENNETH,howard,,2020-03-12,Marketing Manager,IT,$77601,1007,5894 Mark Road,Jacquelineberg,VA,38099,1996-01-07,active
1879,Debra,REYES,dreyes@COMPANY.COM,2017-04-09,Financial Analyst,Operations,$149642,1012,,Rebeccatown,NJ,19058,1977-01-23,active
1880,DANIEL,Marsh,daniel.marsh@example.net,2009-02-14,Product Manager,Finance,$66704,1005,444 Kaylee Flat,Griffinside,CO,60193,2006-01-13,Inactive
1881,JIMMY,Ramos,jimmy.ramos@company.com,2016-06-17,Software Engineer,Operations,"$123,719",1011,663 Mark Pike Suite 654,Laneburgh,NV,26784,1981-01-26,inactive
1882,matthew,white,mwhite@example.net,2014-10-15,Software Engineer,HR,"$141,386",1014,2514 Bennett Manor Suite 526,Stephanieview,MS,26217,1967-04-29,Terminated
1883,bailey,thomas,bthomas@COMPANY.COM,2011-07-08,Product Manager,Legal,138759,1017,1368 Justin Road,Velasquezfort,NJ,65897,2005-10-11,Terminated
1884,bryan,Harrison,bharrison@company.com,2025-05-30,DevOps Engineer,Legal,"67,077",1008,62444 David Path Apt. 553,Port Jeffreystad,TX,05598,1989-11-14,ACTIVE
1885,ashley,BLACKWELL,ashley@blackwell,2019-08-22,Software Engineer,Analytics,"83,608",1023,477 Aguirre Dam Apt. 256,Julieville,VA,63140,1971-12-27,Terminated
1886,Timothy,BOOTH,timothy.booth@COMPANY.COM,2018-08-15,Product Manager,HR,"$147,610",1021,427 Smith Plains,Jillton,NC,96878,2004-05-30,ACTIVE
1887,Jacob,Jacobs,jacob.jacobs@mail.co,2026-11-19,Financial Analyst,Operations,"55,431",1005,66089 Andrea Gardens,Moorehaven,NJ,09425,1991-08-03,inactive
1888,Deborah,Campos,deborahcampos,2015-11-16,Financial Analyst,Analytics,$75541,1006,335 Julie Lights,West Donaldmouth,IL,68497,1993-02-03,active
1889,Cynthia,barker,cynthia.barker@mail.co,2006-09-11,Director,HR,122063,1004,22183 Melissa Garden,North Lindaberg,RI,95499,1995-03-12,Inactive
1890,tammy,tate,,2013-06-05,Director,Analytics,$68563,1009,558 Pruitt Springs Apt. 380,Amandastad,NY,73955,1977-05-20,Terminated
1891,Mary,Griffith,marygriffith,2018-03-16,Data Analyst,Analytics,"103,492",1023,340 Hudson Lane,Lake Ryanfort,AZ,38540,1976-12-19,Active
1892,sue,Rivera,sue.rivera@company.com,2011-04-13,DevOps Engineer,IT,92920,1016,7401 Jonathan Grove Apt. 562,Jeremyview,MN,20268,1977-06-20,Inactive
1893,Danielle,roach,danielleroach,2011-07-14,Product Manager,Legal,"$118,221",1016,116 Martin Center,Walkerville,CT,,1974-11-27,Active
1894,Hannah,Johnson,hannahjohnson,2012-11-25,Financial Analyst,HR,"123,846",1021,316 Crystal Falls Suite 286,Lloydmouth,MT,08938,1973-08-02,Terminated
1895,Kimberly,Morris,kimberly.morris@COMPANY.COM,2009-10-25,Data Analyst,Legal,"91,625",1016,,Breannaville,CA,71913,2003-12-13,Active
1896,daniel,ROBINSON,drobinson@COMPANY.COM,2014-05-29,Data Engineer,HR,"$76,945",1018,653 Duane Walk Apt. 274,West Amanda,ID,03695,1983-08-17,Active
1897,Kevin,ROBERTSON,,2016-07-19,Manager,HR,"$102,694",1022,21663 Smith Road,Roseburgh,DC,19020,1974-03-21,Terminated
1898,David,Mueller,dmueller@COMPANY.COM,2007-04-07,Financial Analyst,Operations,"81,390",1008,131 Anna View Apt. 443,Nelsonbury,NV,92154,1998-03-30,Inactive
1899,Robert,Moore,rmoore@COMPANY.COM,2023-03-28,HR Specialist,IT,$142286,1001,2882 Gary Hills Suite 718,Lake Elizabethburgh,WY,94794,2005-12-03,active
1900,Dennis,LOWE,,2017-07-24,DevOps Engineer,Legal,70908,1001,5452 Jackson Spurs Apt. 273,South Karenborough,NM,12368,1978-05-09,Active
1901,kaitlyn,Smith,kaitlyn.smith@example.net,2012-11-09,HR Specialist,Marketing,"$111,823",1024,710 Tapia Prairie,Davidville,CO,31132,1979-07-09,Active
1902,Jack,TRAVIS,jtravis@company.com,2010-04-08,Marketing Manager,Legal,$54893,1012,47042 Megan Springs Apt. 777,Lewiston,NC,14471,1981-10-06,inactive
1903,Amber,Moses,amber.moses@company.com,2013-07-07,Data Analyst,Legal,"138,009",1008,538 Melissa Manors,Maxwellfort,MH,38248,1982-11-19,ACTIVE
1904,Megan,Simmons,,2022-11-28,HR Specialist,HR,114117,1006,864 David Mill,South Oscar,NV,24751,2001-06-02,active
1905,taylor,Meyer,taylor@meyer,2022-07-15,Software Engineer,Marketing,"149,436",1016,364 Clark Inlet Apt. 416,Lake Scottborough,FM,27415,1994-01-24,inactive
1906,timothy,SLOAN,timothy.sloan@mail.co,2018-05-25,Product Manager,Finance,$114958,1024,76502 Brown Glen Apt. 263,Michaelfurt,SC,69158,1999-03-14,Active
1907,DANIELLE,Marshall,danielle.marshall@company.com,2009-09-26,Product Manager,HR,"$94,512",1015,9144 Smith Passage,Port Paul,MP,87552,2002-07-11,Active
1908,Patrick,SANDERS,patrick.sanders@corp.org,2015-11-11,Product Manager,Operations,"135,634",1013,,New Billyshire,PA,85760,1982-05-24,inactive
1909,JILL,SHAW,jill.shaw@COMPANY.COM,2012-06-19,HR Specialist,Analytics,48224,1019,60814 Bowen Cove Apt. 414,West Stephanieland,MN,06010,2000-09-05,inactive
1910,Shawn,RANGEL,shawn.rangel@COMPANY.COM,2014-06-21,HR Specialist,Analytics,"90,611",1018,4996 Jamie Groves Suite 784,West Kimberly,NJ,35614,2002-04-20,active
1911,jeffrey,Ruiz,jruiz@company.com,2017-12-14,Director,Finance,"$41,450",1005,30914 Kimberly Mountains Apt. 687,Gordonside,AL,12930,1991-05-07,Inactive
1912,charlotte,REEVES,charlotte.reeves@COMPANY.COM,2012-06-15,DevOps Engineer,Operations,"114,278",1027,9320 Jacob Valleys,Jennifermouth,IL,21566,1977-08-10,Terminated
1913,Christopher,martin,christopher.martin@example.net,2013-08-25,Software Engineer,Finance,"$140,304",1003,028 Todd Square Suite 493,West Jose,WA,54400,1996-04-15,Inactive
1914,Catherine,GARCIA,,2006-04-18,Marketing Manager,Finance,"37,077",1010,7554 Richmond Ports,Joseville,MT,69422,2006-03-11,Terminated
1915,LANCE,CLARK,lance.clark@example.net,2012-03-02,Software Engineer,Marketing,$140169,1008,43333 Bond Squares Apt. 511,North Nathanton,IA,,1976-04-29,Terminated
1916,DANIELLE,PEREZ,danielle.perez@corp.org,2017-06-26,Manager,IT,$100215,1006,77220 Rosales Fields Apt. 837,Greenborough,NV,76673,1979-06-24,ACTIVE
1917,Kenneth,roberts,kenneth.roberts@example.net,2025-03-27,Manager,Finance,"$41,094",1020,2306 Christina Wells Suite 240,Lake Cathyshire,NC,11218,1977-07-01,inactive
1918,michael,french,mfrench@example.net,2016-07-22,Marketing Manager,Legal,"$105,349",1012,859 Scott Corner,Jenniferton,PW,89148,1990-06-30,active
1919,Michael,HANSEN,,2007-09-09,Financial Analyst,Marketing,122612,,975 Rebekah Lake,Rossshire,MI,89896,2004-03-10,Inactive
1920,PATRICK,DAVID,patrickdavid,2024-07-16,Marketing Manager,HR,115611,1005,54333 Samantha Pines Suite 249,Johnsonberg,IN,20707,1976-05-22,active
1921,Mackenzie,THOMPSON,mthompson@corp.org,2019-12-11,Financial Analyst,Operations,54034,1011,658 Ashley Turnpike,Smithchester,FM,34863,1981-02-23,Terminated
1922,ANDREW,barnett,andrew.barnett@COMPANY.COM,2015-07-08,Marketing Manager,HR,"$36,535",,60520 Amanda Mill,Lake Williamstad,NM,28823,1971-09-13,Inactive
1923,Natalie,Miller,nmiller@mail.co,2021-11-27,Data Analyst,Operations,"71,609",1019,51772 Lindsay Plaza,Hendersonbury,VT,77939,1985-05-18,ACTIVE
1924,lauren,Jimenez,ljimenez@mail.co,2012-07-19,Data Analyst,Legal,"$82,896",1028,636 Kathy Hill Suite 465,Port Gloriaberg,NY,24753,1965-09-26,Terminated
1574,Harry,ROSE,hrose@corp.org,2008-12-28,DevOps Engineer,Finance,107521,1015,70568 Young Mall Apt. 291,Powellfort,KS,94841,1977-01-10,inactive
1926,LUIS,smith,,2011-09-23,Financial Analyst,Marketing,$113765,1017,7143 John Divide Suite 024,Michaelton,NJ,35211,2000-04-21,inactive
1927,CHRISTINE,Johnson,christine.johnson@COMPANY.COM,2020-01-13,Manager,Operations,$118140,1012,805 Hall Drive,North Johnberg,OR,30885,1965-09-01,Terminated
1928,Victor,Ross,victor@ross,2012-04-30,DevOps Engineer,Finance,$77194,1028,2723 Amber Manors Suite 536,Nolanport,FL,64066,1983-05-22,Terminated
1929,joseph,cook,joseph.cook@example.net,2026-12-30,Manager,Finance,$142799,1022,958 Newton Parks Suite 741,Thomasborough,GA,92839,1986-01-13,active
1930,amy,JONES,amy.jones@corp.org,2025-05-30,Marketing Manager,IT,$130155,1019,82906 Angela Light,West Loganborough,FM,10789,1973-08-20,active
1931,daniel,Scott,daniel@scott,2010-02-13,HR Specialist,Legal,"$51,366",1001,2628 Jesse Square Suite 186,East Danielberg,AL,83353,1978-08-10,active
1932,rachel,Mayer,rachel.mayer@corp.org,2011-08-06,DevOps Engineer,Finance,$111674,1011,73805 Green Shoals,Robertmouth,RI,93425,1967-09-12,Terminated
1933,Austin,GOULD,austin@gould,2016-08-06,Marketing Manager,IT,118631,1008,56328 Blake Springs Apt. 221,Williamshaven,WI,22666,1976-08-03,ACTIVE
1934,Jeffrey,Roman,jeffrey.roman@company.com,2018-09-02,Data Analyst,Operations,"$140,642",1021,43261 Michael View Apt. 850,Brownberg,WI,69755,1994-10-16,active
1935,Wendy,Martinez,,2011-07-16,Marketing Manager,IT,113861,1009,30571 Gregory Mills,Port Nathan,AS,20197,2005-07-03,inactive
1936,Scott,Cline,,2008-10-16,Software Engineer,HR,"$119,815",1004,9029 Jessica Brooks,Jerryfurt,MP,41939,1979-08-23,Inactive
1937,Courtney,roberson,courtneyroberson,2006-07-12,Software Engineer,Operations,78117,1027,23616 Bryan Haven Apt. 562,Roachmouth,KY,10121,1990-07-31,ACTIVE
1938,Tony,Howe,thowe@COMPANY.COM,2012-11-03,DevOps Engineer,Legal,"41,265",1028,540 Jason Crest Suite 132,Lake James,NY,72770,1986-06-16,Inactive
1939,Juan,Taylor,juan.taylor@corp.org,2013-09-27,DevOps Engineer,Legal,"46,648",1006,39192 Ashley Lakes,Haileymouth,NM,24293,1988-02-19,ACTIVE
1940,angel,Friedman,angel@friedman,2023-03-02,Manager,Legal,$85160,1008,44753 Clark Harbor,Jamesview,ID,59141,1994-04-14,ACTIVE
1941,STEVEN,Patterson,steven.patterson@company.com,2016-03-10,Director,Marketing,"75,701",1015,98873 Elizabeth Plaza,Port Michellebury,IN,38618,1976-05-27,inactive
1942,Whitney,Lowe,whitney@lowe,2006-08-25,Data Engineer,HR,$87003,1007,23010 Newman Ports,North Royberg,MT,86040,2000-09-29,Inactive
1943,brandon,Blake,bblake@COMPANY.COM,2021-08-01,Software Engineer,Analytics,$106825,1029,49677 Cassandra Glens,North Stephen,MD,21929,1981-06-19,Terminated
1944,GABRIELLE,SMITH,gsmith@company.com,2026-12-02,Director,IT,"$147,398",1008,743 Michelle Falls,Davidsonfort,PA,93601,2000-10-25,Inactive
1945,Eric,Ross,eric@ross,2006-04-27,HR Specialist,Finance,"83,526",1014,6024 Brian Mission,North Ruthland,MN,09065,2005-01-15,active
1946,MELISSA,GREENE,,2012-12-05,DevOps Engineer,Marketing,76089,1005,8364 Macdonald Walk Apt. 045,New Courtneyhaven,MA,81946,2005-06-26,inactive
1947,Michael,mendoza,michael@mendoza,2010-12-25,DevOps Engineer,Marketing,92171,1018,57844 Bender Freeway Suite 024,North Caroline,OH,78918,1978-11-02,active
1473,fernando,Richards,fernando@richards,2024-12-14,Product Manager,HR,130389,1012,773 Johnson Vista,Meganberg,OH,77069,1979-07-30,Terminated
1949,Leslie,Parrish,,2006-12-10,HR Specialist,HR,"$65,482",1005,86554 Hooper Station Suite 192,East Tony,IL,58700,1983-04-07,active
1950,Renee,barrera,reneebarrera,2013-11-09,Data Engineer,Finance,$130732,1028,,Port Jamesmouth,MN,34865,1972-11-04,Terminated
1951,Lauren,hernandez,lauren.hernandez@corp.org,2022-07-20,Data Analyst,Finance,"$110,235",1006,1365 Alexander Center,South Jessica,NM,55251,1981-12-31,Inactive
1952,Brian,Sampson,brian.sampson@example.net,2023-06-05,Manager,HR,$87615,1006,4324 White Ville,Jamesmouth,IL,54969,1985-06-29,active
1953,patrick,garrett,patrick.garrett@mail.co,2016-02-10,Financial Analyst,IT,57087,1015,30681 Courtney Roads,North Anthony,VT,08336,1966-04-10,inactive
1345,stacey,GREEN,,2025-11-07,DevOps Engineer,Analytics,$105151,,22022 Brian Spur Apt. 612,Adamhaven,FM,37424,1981-12-27,ACTIVE
1955,MCKENZIE,SINGH,mckenzie.singh@example.net,2013-08-21,Product Manager,IT,105462,1012,6747 Williams Avenue Apt. 254,Joycefurt,FL,62590,1978-08-30,ACTIVE
1956,Alexis,BARTON,alexis.barton@mail.co,2018-10-20,Product Manager,HR,"$94,594",1019,5654 Douglas Parks,East Leroy,PA,72827,1979-12-29,Inactive
1957,Donna,FERNANDEZ,donna.fernandez@example.net,2017-02-24,Financial Analyst,IT,97970,1008,7710 Bruce Views,Lake Jennifer,NV,46462,1985-12-17,inactive
1958,Nicole,GROSS,ngross@corp.org,2012-12-25,Manager,Finance,$135076,1019,4454 Johnson Shores Apt. 302,Edwardsburgh,MD,06171,1975-03-16,ACTIVE
1959,Kimberly,Miller,kmiller@mail.co,2018-10-13,HR Specialist,Finance,"138,069",1003,278 Christopher Stream Apt. 642,Lake Joyshire,AZ,68559,1981-02-17,Terminated
1960,EMILY,Brown,emilybrown,2009-02-20,Software Engineer,HR,$85449,,6056 Chapman Fork,Lake Jennifer,IA,29393,2004-03-15,ACTIVE
1961,TRAVIS,Reynolds,travis.reynolds@company.com,2024-11-08,Data Analyst,Finance,$59340,1028,0787 Madison Meadows Apt. 284,Janetshire,WV,80773,1978-11-11,Terminated
1962,Daniel,RUSH,drush@company.com,2013-11-10,Software Engineer,Analytics,"121,454",1019,096 Cannon Place,Janetport,PW,,1994-04-01,active
1963,KEVIN,Johnson,,2010-02-28,HR Specialist,Analytics,"120,634",1027,0968 Elizabeth Oval Apt. 647,Charlesport,WA,94978,1979-04-30,Inactive
1964,Olivia,Robertson,olivia.robertson@mail.co,2006-11-25,Marketing Manager,IT,"$126,226",1009,2859 Michael Camp,New Benjaminchester,AL,10810,1967-02-21,active
1965,austin,WILLIAMS,awilliams@mail.co,2019-10-14,Manager,Operations,"$68,619",1004,993 Johnson Court Suite 238,Breannachester,DE,58113,1981-02-24,ACTIVE
1966,JOAN,black,jblack@mail.co,2020-04-14,Director,Analytics,102924,1004,8018 Phillips Walks,West Stanleymouth,NH,28553,2000-09-12,Inactive
1967,kristin,GARCIA,kristin@garcia,2023-12-21,DevOps Engineer,Operations,"$53,711",,86017 Rebecca Rapids Suite 078,West Randy,NV,57172,1985-08-11,inactive
1968,robert,torres,rtorres@COMPANY.COM,2022-08-14,HR Specialist,Analytics,"$80,890",1007,371 Daniels Valley Apt. 608,East Ryanville,KY,41783,2000-11-21,active
1969,RANDALL,Romero,randall.romero@example.net,2025-08-30,DevOps Engineer,IT,$145549,1010,758 Christina Mills,Myerston,SD,09209,1998-06-16,inactive
1970,Michael,ramirez,michaelramirez,2015-10-26,Financial Analyst,HR,$40037,1011,886 Stephanie Street,South Jeffrey,ME,17500,2004-04-18,Active
1971,JAMES,brennan,jamesbrennan,2026-04-20,Software Engineer,Operations,"$143,003",1027,7078 Aguilar Pines,Roberttown,VA,24037,1976-01-15,inactive
1972,Shannon,Johnson,shannon@johnson,2017-03-06,DevOps Engineer,Analytics,"94,535",1015,865 Hopkins Vista,New Hollyborough,DC,23303,2001-12-13,active
1973,Pamela,young,pyoung@example.net,2017-01-21,Manager,IT,"$95,284",1013,180 Jerry Plaza Suite 442,West Aaron,VA,84801,1982-12-07,Terminated
1974,Timothy,Pratt,tpratt@example.net,2023-01-12,DevOps Engineer,Finance,"$85,913",1005,798 Tiffany Junctions,New Kevin,NC,80016,1971-02-10,ACTIVE
1975,JONATHAN,AVILA,javila@mail.co,2011-01-03,DevOps Engineer,Marketing,"$148,041",1017,6013 May Springs,South Teresa,MD,94169,1971-02-28,ACTIVE
1976,James,griffin,james.griffin@COMPANY.COM,2022-12-23,Financial Analyst,Marketing,"$55,541",1004,1156 Garrett Viaduct,West Mark,VA,13055,1970-09-11,inactive
1977,BRYAN,Hurst,bryan.hurst@mail.co,2007-02-17,Marketing Manager,Marketing,$137479,,8309 Williams Run Suite 669,East Amandastad,MP,54060,2002-07-10,active
1978,thomas,ruiz,thomas.ruiz@company.com,2009-05-24,Software Engineer,IT,148016,1005,47039 Victor Mountain,Jacobmouth,WV,67941,1987-05-01,ACTIVE
1979,Ryan,simmons,ryan@simmons,2010-02-17,Product Manager,Legal,"$93,538",1007,7551 Lloyd Causeway Suite 727,West John,NC,18444,2004-08-19,ACTIVE
1980,REGINALD,Winters,,2019-02-16,Marketing Manager,Analytics,"$108,618",1018,856 Dixon Fords,Marilynside,NJ,47544,2005-12-30,Terminated
1981,Patrick,foster,patrick.foster@company.com,2010-10-15,Marketing Manager,Finance,"$84,724",1004,123 Darren Green Apt. 782,Port Mario,OH,88133,1975-10-29,active
1982,KELLY,Thomas,kthomas@company.com,2023-11-02,Product Manager,HR,79535,1012,94377 Mills Heights,Port Amandaville,OH,81475,1996-06-29,ACTIVE
1983,JAY,Gillespie,jaygillespie,2018-03-22,Financial Analyst,Marketing,"$139,768",1013,67186 Brown Village Apt. 924,Smithfurt,DE,62097,1983-05-09,Active
1984,Cody,adams,cadams@example.net,2015-09-22,Manager,IT,$120118,1012,8877 Woods Forges Suite 935,Mckeemouth,CA,36250,2000-01-18,Terminated
1985,Stacey,jackson,staceyjackson,2013-04-14,Manager,Legal,116811,1002,1573 Katie Squares,North Michaelburgh,WY,41461,1977-03-27,Terminated
1986,Jeff,Johnston,jjohnston@corp.org,2010-08-20,Data Engineer,Legal,"$137,776",1016,832 Hampton Lock Apt. 860,Catherineport,SC,16764,1971-10-28,Inactive
1987,Sergio,jackson,sergiojackson,2016-04-03,Financial Analyst,Legal,101688,1009,598 Johnson Meadow Suite 496,Millermouth,CA,32450,1965-03-28,Active
1988,JASON,bautista,jason.bautista@company.com,2017-05-19,Software Engineer,Operations,"140,773",1003,97418 Johnson Rest,Cantrellview,IN,57316,1966-10-10,inactive
1989,jared,archer,jaredarcher,2025-10-06,Director,Operations,$45637,1015,0969 Jason Plains Apt. 235,Jennachester,FM,18917,1987-09-06,Active
1990,elizabeth,Osborne,,2010-09-02,Director,Finance,$142158,1022,394 Brian Rue,Port Erin,HI,14768,1976-08-15,Terminated
1991,deborah,Miller,deborahmiller,2019-05-05,Data Analyst,Analytics,"60,915",1010,173 Rivera Extensions,North Brittanychester,MD,02530,1999-07-28,active
1992,KEVIN,Lawrence,kevin.lawrence@COMPANY.COM,2014-10-02,Marketing Manager,Operations,"144,581",1004,38111 Morales Point Suite 993,Underwoodmouth,ME,38853,1965-07-21,inactive
1993,marc,Bailey,marc.bailey@corp.org,2025-01-11,Data Analyst,IT,"$43,229",1009,2998 Garcia Avenue,North Elizabethhaven,MI,28547,1990-09-10,ACTIVE
1994,Gary,ramirez,gramirez@company.com,2020-01-24,Product Manager,Legal,82379,1014,658 Brown Spur Suite 271,New Brandiview,MS,19518,1996-03-15,inactive
1995,Kenneth,Lawson,,2023-03-16,Director,Analytics,$111969,1024,907 Leslie Dale,West Richard,WY,66100,1974-01-17,Active
1996,Jerry,Gonzalez,jgonzalez@example.net,2022-10-06,Manager,Analytics,"$131,712",1011,7967 Debra Village Suite 957,West Debbie,AS,06968,1970-05-29,Inactive
1997,Cynthia,Jones,cjones@company.com,2016-10-18,Manager,Analytics,$112717,1013,386 Erickson Trail,Scottview,CO,70157,2004-01-30,active
1998,MADISON,Sullivan,msullivan@mail.co,2012-04-19,Director,Analytics,"$98,771",1011,90505 Brewer Roads,Mercadoborough,GA,79789,1969-09-21,Inactive
1999,victoria,Sparks,victoria@sparks,2014-10-06,Manager,Analytics,"$102,995",1022,688 Sean Fork,Nathanielland,NJ,20362,1981-11-20,active
2000,Patricia,deleon,patricia.deleon@mail.co,2027-02-26,Data Engineer,HR,"79,708",1011,98162 Patricia Square Apt. 128,Josephchester,DE,71500,2000-02-01,Terminated
2001,MARY,PAYNE,marypayne,2023-12-02,Financial Analyst,Operations,"97,414",1003,,Careychester,MD,68233,1999-08-30,inactive
2002,MATTHEW,GUERRERO,mguerrero@COMPANY.COM,2016-10-05,Product Manager,Finance,"37,542",1029,7957 Mark Highway,Joshuaview,TN,15263,1965-05-31,inactive
2003,Angela,cuevas,acuevas@example.net,2019-06-29,Director,Legal,"135,918",1011,083 Rogers Turnpike Apt. 694,Lake Sandra,MO,04421,1980-01-30,Terminated
2004,Marc,Jackson,marc.jackson@mail.co,2024-01-10,HR Specialist,HR,"98,530",1008,852 Felicia Summit,Blackfurt,SC,,1981-09-30,inactive
2005,phillip,Montgomery,phillipmontgomery,2021-12-10,Data Engineer,Legal,"101,077",1007,62562 Newman Tunnel Suite 536,North Julian,MI,90150,1989-03-29,active
2006,Alexander,rich,,2016-10-11,Marketing Manager,IT,"$83,317",1001,507 Michelle Lane Apt. 847,West Stephaniestad,NJ,24070,1995-07-02,active
2007,Kimberly,Dixon,kimberly.dixon@corp.org,2015-07-26,Product Manager,Finance,$72324,1015,05925 Donald Causeway Suite 440,Rachelmouth,PA,68064,2003-04-22,inactive
2008,NICOLE,Gates,nicolegates,2009-05-02,Marketing Manager,Operations,"$77,452",1028,40276 Abbott Stream,Port Melissa,TX,51088,1975-08-15,active
2009,monica,villarreal,mvillarreal@COMPANY.COM,2012-03-27,Data Analyst,IT,$53338,,40309 Santos Wells Suite 236,Jonesshire,VI,94211,2001-01-29,Active
2010,james,Powell,james.powell@corp.org,2014-12-10,DevOps Engineer,Finance,106448,1025,595 Kari Plains,Port Brandonburgh,NM,45547,1998-10-03,inactive
2011,Richard,SANTOS,rsantos@company.com,2024-08-29,Director,Analytics,42407,1018,17318 Emma Road Apt. 280,Port Brian,TX,54136,2001-01-02,Active
2012,DAWN,ALLEN,dallen@mail.co,2012-02-02,Financial Analyst,Finance,"$134,085",1002,46553 Thomas Pines Suite 560,Lake Dustin,LA,66297,1996-04-05,Active
2013,crystal,arias,crystalarias,2020-09-07,Director,Analytics,"$111,380",,23242 Porter Square Suite 671,Greenechester,DC,65596,1989-02-01,Active
2014,MIRANDA,PAUL,miranda.paul@mail.co,2025-02-01,Product Manager,HR,"69,818",1017,6164 Reed Knoll Suite 884,West Carol,AS,34853,1998-10-09,inactive
2015,Dakota,Parks,dakota@parks,2025-05-23,DevOps Engineer,IT,"$93,398",1009,2859 James Fields,Sarahton,NC,20305,1992-10-09,active
2016,Elizabeth,CANTRELL,ecantrell@mail.co,2026-08-04,Financial Analyst,Finance,$42126,1028,8815 Jackson Tunnel Apt. 391,North Michaelview,ID,93470,2003-12-10,inactive
2017,LISA,Miranda,lmiranda@COMPANY.COM,2008-09-18,Marketing Manager,Operations,"$77,907",1001,83495 Andrew Brooks,West Amanda,RI,37046,1969-11-13,Inactive
2018,ERIN,huffman,erin.huffman@mail.co,2017-04-17,Software Engineer,Legal,39089,1018,347 Shaffer Mews Suite 182,Port Jasonmouth,SC,52065,2000-06-19,Active
2019,carolyn,harris,carolyn.harris@corp.org,2013-01-10,Director,Finance,"132,235",1013,460 Marissa Terrace,Port Michaelstad,AR,08741,1972-01-28,Active
2020,Eric,Moore,eric.moore@COMPANY.COM,2013-03-20,Software Engineer,Finance,57882,1002,49824 Mclaughlin Circles Apt. 558,Lamberttown,CA,86426,2004-04-21,Active
2021,sheri,Ware,,2014-01-18,Manager,Analytics,"$43,540",1019,476 Rhonda Locks Suite 525,North Russellberg,OK,19878,1968-10-03,Terminated
2022,gerald,bradley,gerald@bradley,2027-07-03,DevOps Engineer,Analytics,"140,112",1014,601 Kevin Avenue Apt. 270,Cynthiaport,OR,,1998-09-11,Active
2023,eric,Galloway,eric@galloway,2014-02-19,Director,Operations,146208,1023,85398 Edward Centers Apt. 307,Austinshire,NM,,1971-11-30,ACTIVE
2024,Jeremiah,SMITH,,2013-02-07,Financial Analyst,Finance,"$57,801",1016,62684 Christian Pine,North Kerryview,PW,51029,1982-03-03,ACTIVE
2025,Blake,White,blake.white@example.net,2019-07-21,Product Manager,HR,"53,040",1027,5483 Benjamin Pass,North Lauren,MN,14346,1987-08-05,ACTIVE
2026,JESSICA,Alvarez,,2009-09-03,Manager,Legal,$139691,1022,2447 James Mews Suite 727,Gibsonside,ME,43392,1980-11-12,active
2027,steven,dyer,steven.dyer@mail.co,2017-02-04,HR Specialist,Marketing,$122115,1029,4271 Kelly Isle Apt. 100,New Ashley,VT,76273,1975-05-13,Terminated
2028,Michael,Montoya,michael@montoya,2024-11-01,Director,Marketing,"$81,023",1004,15301 Melissa Coves Suite 797,South Dalton,UT,50794,1995-06-03,Terminated
2029,MICHAEL,mcconnell,michael.mcconnell@mail.co,2018-08-08,DevOps Engineer,Analytics,"44,464",1015,2055 Kelly Meadows Apt. 194,South Julie,VT,48999,1999-11-19,active
2030,dillon,green,dgreen@company.com,2006-11-18,Data Analyst,Analytics,59341,1021,403 Wendy Burg,West Brandy,UT,42350,1970-02-25,Active
2031,Sandy,Ortiz,sortiz@example.net,2024-10-03,Director,HR,"$91,167",1012,9530 Renee Street Apt. 121,Jennifertown,CA,,1974-10-28,Terminated
2032,Scott,Boone,scott.boone@mail.co,2027-09-02,Marketing Manager,Operations,"111,955",1016,5967 Barbara Greens Suite 563,Lake Brandonfort,IN,63143,1973-03-09,Terminated
2033,sharon,bishop,,2026-05-26,Data Analyst,Finance,"84,787",1025,4366 Joshua Route,Amandaville,IN,05212,1986-11-22,active
2034,JAMES,Brown,james.brown@company.com,2015-06-01,Manager,Marketing,148078,1018,0313 Brianna Isle Apt. 516,Seanburgh,KS,11843,1981-09-08,inactive
2035,deanna,Quinn,deanna.quinn@mail.co,2016-12-29,Data Engineer,Finance,"$57,795",1023,99321 Rodriguez Lodge,South Jessicaside,MO,39809,1975-04-12,ACTIVE
2036,matthew,HARRIS,mharris@example.net,2027-12-23,Director,IT,$85764,1004,741 Anderson Harbors Apt. 054,Williamsside,AS,23493,1986-07-20,Inactive
2037,Jasmine,hubbard,jasmine.hubbard@company.com,2018-01-17,Manager,Analytics,132039,1022,9617 Huerta Dam Suite 263,Smithburgh,IL,06013,2004-04-10,Inactive
2038,jennifer,Young,jennifer.young@example.net,2021-03-16,HR Specialist,Finance,"$108,044",1023,832 Kimberly Hills,Gonzaleztown,WY,29765,1994-07-22,Active
2039,RONALD,BLAIR,ronald.blair@company.com,2018-05-05,Manager,IT,$109766,1012,5783 David Parkway Apt. 300,North Keith,TX,73872,1997-02-07,Terminated
2040,DORIS,Powell,dorispowell,2018-05-06,Director,Analytics,"54,318",1018,85401 Mitchell Ville Suite 535,Haleychester,NM,14073,1993-07-10,active
2041,Robert,wilson,robert.wilson@corp.org,2022-10-06,Financial Analyst,Analytics,"$147,798",1017,5781 Daniels Forks Suite 134,Lake Bryanstad,VT,47029,2004-01-13,active
2042,stacey,THOMAS,staceythomas,2025-01-21,Data Analyst,Finance,102290,1004,699 John Lodge Apt. 726,East Laurenland,MP,49471,1992-04-26,inactive
2043,Jennifer,Williams,jwilliams@company.com,2021-05-05,Software Engineer,Legal,"$77,006",1021,96923 Brooks Skyway,Port Jamesville,HI,03726,1991-02-20,Active
2044,KEVIN,Jones,kevin@jones,2023-01-11,Manager,Analytics,"113,509",1015,1388 Davis Mountains,Port Juliachester,NC,90347,1978-04-27,Inactive
2045,MICHELE,williams,mwilliams@corp.org,2018-05-01,Marketing Manager,HR,"95,883",,60345 Meadows Mount Suite 545,East Jennifer,ME,77146,1994-12-01,ACTIVE
2046,Timothy,BLAIR,tblair@example.net,2010-02-15,Data Analyst,Operations,"99,182",1028,3273 Fritz Falls,New Warrenmouth,SC,65476,2005-09-09,inactive
2047,TANYA,Mitchell,tanya.mitchell@corp.org,2021-05-06,Product Manager,Analytics,"80,680",1009,7698 Hines Square Apt. 956,Port Danielshire,NV,18454,1970-01-15,active
2048,EMILY,GEORGE,emily.george@corp.org,2020-05-12,Financial Analyst,Operations,"106,142",1009,685 Suzanne Park,Port Patricia,OK,50992,1971-02-16,active
2049,KAYLA,DENNIS,kayla@dennis,2006-10-26,Manager,Operations,"$141,112",1024,478 Sandoval Mills,New Nancyfurt,AK,55491,1989-07-05,ACTIVE
2050,Sheila,roberson,sheila.roberson@corp.org,2013-09-04,Marketing Manager,Legal,"$107,179",1019,77516 Bright Burgs,Samanthahaven,MN,73864,1992-07-09,Active
2051,Ryan,Allen,rallen@COMPANY.COM,2025-05-26,Software Engineer,Finance,"$117,327",1016,35042 Jackson Pine Apt. 369,New Christopherbury,AR,77964,1988-05-29,inactive
2052,alexandra,delgado,adelgado@company.com,2017-02-05,Data Analyst,Marketing,"105,152",1005,86770 Maurice Flat Suite 359,South Laurafort,DE,56023,2001-06-17,active
2053,rachel,cochran,rcochran@company.com,2010-09-22,Product Manager,Operations,"71,329",1007,7987 Brian Drives,Cherylbury,PA,59361,1994-08-24,Inactive
2054,MARK,PEARSON,,2023-11-09,Financial Analyst,Legal,$63819,1025,7410 Ashley Fort,Gloverport,NH,27265,1972-02-09,Inactive
2055,Tiffany,Rodriguez,tiffany.rodriguez@company.com,2013-05-07,Director,Legal,$88267,1003,60942 Thompson Mall Suite 507,Franklinland,MS,12593,1969-03-29,active
2056,Benjamin,Walker,benjamin@walker,2011-05-19,DevOps Engineer,Analytics,65432,1008,58114 Sloan Hollow Suite 298,East Jonathan,OK,,1966-01-10,Active
2057,Meredith,maddox,mmaddox@mail.co,2025-07-25,Director,Operations,"$99,424",1029,74349 James Square,Lisaberg,NH,04830,1978-03-08,inactive
2058,JASON,chase,,2027-09-18,Marketing Manager,Analytics,"$138,293",1027,24797 Stewart Shoals,Clementsberg,VA,37496,1979-08-02,active
2059,Nicholas,jones,nicholas.jones@mail.co,2013-08-03,Data Analyst,Finance,128463,1023,0855 Williams Island,Fergusonchester,MI,20030,2001-03-30,Inactive
2060,Adam,sanchez,asanchez@example.net,2006-11-06,Financial Analyst,Analytics,"70,274",,60209 Lawson Stream Apt. 974,Riveraberg,FL,81144,1977-05-08,ACTIVE
2061,AMY,ruiz,aruiz@example.net,2023-06-19,Software Engineer,Legal,64960,1021,378 Jennifer Plaza Suite 599,Williamstown,MI,73941,1983-05-20,Terminated
2062,Rhonda,Johnson,rjohnson@COMPANY.COM,2021-01-13,Manager,Legal,"92,133",1002,783 Lopez Brook,Vickiburgh,IA,64272,1987-11-10,active
2063,CHRISTINA,Patton,cpatton@mail.co,2023-07-26,Marketing Manager,Analytics,65965,1008,2590 Cruz Loop,Jamesview,TN,66322,1989-10-23,active
2064,gregory,Perez,gperez@mail.co,2008-02-25,Manager,Analytics,$104947,1009,685 Griffin Garden Apt. 276,New Jacqueline,MA,70217,2002-01-31,active
2065,amber,Cook,amber.cook@COMPANY.COM,2013-08-18,Software Engineer,Finance,$55435,1009,3695 Richardson Port,Sullivanborough,MD,43240,1991-08-26,active
2066,heather,COBB,,2014-02-07,Software Engineer,IT,$84469,1009,8754 Melissa Village,Port Suzannefort,IA,99217,1966-06-10,Active
2067,Anthony,Foster,afoster@mail.co,2010-04-02,Product Manager,Marketing,"$129,156",1025,39515 Case Prairie,West Kennethfurt,OR,28552,1985-07-12,ACTIVE
2068,michael,Davis,michael.davis@corp.org,2011-04-08,Product Manager,Finance,"$85,144",1016,20294 Danielle Course,South Bradleyfort,NE,50624,1988-05-30,ACTIVE
2069,SONIA,Gomez,soniagomez,2023-09-27,HR Specialist,Finance,$67046,1001,737 Brian Spurs,North Larry,MN,04464,1977-02-05,Active
2070,JONATHAN,Cameron,jcameron@COMPANY.COM,2012-03-17,Software Engineer,Analytics,54075,1013,25908 Smith Bypass Suite 598,West Willie,SC,46192,1965-08-22,ACTIVE
2071,Belinda,Stewart,belinda@stewart,2025-08-10,Software Engineer,Legal,"$146,040",1029,104 Mark Plains Apt. 775,Westmouth,AL,58681,2001-02-09,Active
2072,Christina,brown,christinabrown,2023-12-29,Data Engineer,HR,"$38,164",1006,,West Richard,LA,21748,1966-02-03,Inactive
2073,heidi,Jackson,hjackson@example.net,2008-03-07,Data Engineer,IT,122335,1011,5627 Burns Lake,Joannaburgh,AL,50098,1995-09-16,active
2074,STACY,LANDRY,stacy.landry@COMPANY.COM,2020-05-04,Product Manager,Finance,"$71,144",1015,6443 Flores Ports,Lake Brianfurt,TN,61096,1975-10-03,active
2075,DREW,Anderson,drew@anderson,2018-01-26,Director,IT,$43680,1007,20269 Mary Plaza,Kimhaven,CO,82198,1978-11-12,Active
2076,Patricia,watson,patricia@watson,2011-06-07,Financial Analyst,Marketing,"130,410",1015,0622 Patel Camp,Lake Sandra,FL,90051,1996-11-24,Inactive
2077,Steven,FERGUSON,,2011-11-01,HR Specialist,Legal,$112837,1029,7639 Wesley Port Apt. 238,Doylefurt,ID,54055,1994-02-15,active
2078,Ryan,reed,rreed@mail.co,2017-07-08,HR Specialist,IT,$143012,1017,45029 Cristian Cliff Apt. 786,North Alanfort,AR,16075,2005-11-25,inactive
2079,derrick,Montgomery,derrick@montgomery,2025-01-02,Marketing Manager,Marketing,"78,412",1008,5811 Bender Mission,East Jesse,VT,06548,2004-03-21,Active
2080,robert,Sanders,rsanders@example.net,2006-06-14,Manager,Finance,97019,1022,63442 Eduardo Mission Apt. 313,Heatherchester,VA,51069,1982-07-14,ACTIVE
2081,Kevin,SULLIVAN,ksullivan@example.net,2018-06-24,Director,HR,$66881,1029,091 Brianna Port,Michelleton,ND,37081,2004-10-26,ACTIVE
2082,howard,GARDNER,hgardner@mail.co,2019-03-31,DevOps Engineer,IT,$139017,1003,384 Kevin Springs Apt. 197,East Corey,PA,17745,1981-02-14,Active
1339,Robert,dixon,robert.dixon@company.com,2027-02-09,HR Specialist,HR,48103,1012,4453 Mark Fords Apt. 378,South Karen,RI,04189,1999-03-03,inactive
2084,Marcus,price,marcus@price,2026-04-17,Product Manager,Legal,103955,1007,85191 Jack Summit,Williamhaven,MH,69685,1986-05-13,inactive
2085,stephanie,Johnson,stephanie.johnson@mail.co,2012-06-12,HR Specialist,IT,"86,562",1009,906 Brenda Spur,Harringtonborough,CT,58761,1992-10-25,Terminated
2086,Amanda,Mitchell,amitchell@COMPANY.COM,2023-07-01,Financial Analyst,Analytics,"$66,546",1017,5359 Thomas Viaduct,New Dustin,NM,59688,1965-11-21,active
2087,JUSTIN,BUTLER,jbutler@company.com,2026-06-16,Financial Analyst,Operations,$76936,1004,47736 Carter Pines,New Gabriela,NV,49873,1995-02-09,Terminated
2088,Monique,GUTIERREZ,moniquegutierrez,2024-04-30,Financial Analyst,Analytics,$86222,1022,15163 Mann Stravenue Apt. 967,Danielletown,PA,91762,2001-05-20,ACTIVE
2089,Michelle,Orr,michelle.orr@example.net,2026-12-31,Financial Analyst,Operations,"$127,718",1027,295 Ellis Coves Suite 500,East Lindsey,CO,81076,1986-06-08,Terminated
2090,LAURIE,Navarro,laurie.navarro@example.net,2015-07-07,DevOps Engineer,HR,54420,1023,3697 Faith Freeway Apt. 932,Jasonport,CT,12808,1981-11-22,active
2091,judith,Martinez,judith@martinez,2023-05-24,Financial Analyst,IT,"$48,709",1007,45424 Lee Courts,North Brianland,ND,19619,1987-07-21,inactive
2092,Louis,HUANG,louishuang,2014-10-07,DevOps Engineer,Operations,"112,460",1028,93157 Reese Spurs,Richardton,LA,10215,2002-10-21,inactive
2093,lisa,Carrillo,lcarrillo@example.net,2026-01-31,Product Manager,Marketing,"65,270",1001,9072 Victor Prairie,West Rachelborough,PA,36215,1987-09-23,inactive
2094,Debra,Bullock,debra.bullock@corp.org,2019-10-23,Data Engineer,Analytics,$40314,1028,8098 Mercer Field,North Ericville,OK,15071,1988-02-21,Inactive
2095,Valerie,alvarado,,2026-06-04,HR Specialist,Legal,113675,1026,0952 Shannon Row Suite 748,Meganside,WV,30212,1990-12-24,Inactive
2096,Michael,Casey,,2025-03-27,Director,IT,"$124,795",1010,6772 Chavez Isle,Stevenport,GA,61209,1968-10-16,Active
2097,Justin,PRATT,justin@pratt,2011-06-05,Marketing Manager,Analytics,$90895,1004,17493 Lawrence Turnpike Apt. 456,South Ann,LA,19756,2006-03-05,Terminated
2098,elizabeth,hansen,elizabeth.hansen@COMPANY.COM,2013-08-20,Software Engineer,Analytics,"43,648",1010,62421 Miller Streets,Jacksonburgh,AK,93625,1996-07-19,active
2099,david,Pearson,dpearson@mail.co,2017-02-19,Data Analyst,HR,138415,1025,02639 Melissa Summit,Leonardhaven,TX,61996,1969-06-23,ACTIVE
2100,jamie,hensley,jamie.hensley@COMPANY.COM,2021-08-08,Financial Analyst,Analytics,$103430,1009,368 Henry Corner,West Alisonchester,FL,19465,1981-08-12,Inactive
